;codigo_cnuc;nome_da_uc;categoria_da_uc:_sigla_federal;categoria_da_uc:_nomenclatura_nacional;grupo_de_protecao;ano_de_criacao;coordenacao_regional_do_icmbio;area_estimada_da_uc_(ha);bioma;area_queimada_em_2019;area_queimada_em_2018;area_queimada_em_2017;area_queimada_em_2016;area_queimada_em_2015;area_queimada_em_2014;area_queimada_em_2013;area_queimada_em_2012
0;0000.00.0001;AREA DE PROTECAO AMBIENTAL ANHATOMIRIM;APA;AREA DE PROTECAO AMBIENTAL;USO SUSTENTAVEL;1992;CR9 FLORIANOPOLIS/SC;4437;MARINHO COSTEIRO;;;;;;;;
1;0000.00.1521;AREA DE PROTECAO AMBIENTAL BACIA HIDROGRAFICA DO RIO PARAIBA DO SUL;APA;AREA DE PROTECAO AMBIENTAL;USO SUSTENTAVEL;1982;CR8 RIO DE JANEIRO/RJ;292600;MATA ATLANTICA;;;182.1;;;;;
2;0000.00.0007;AREA DE PROTECAO AMBIENTAL BARRA DO RIO MAMANGUAPE;APA;AREA DE PROTECAO AMBIENTAL;USO SUSTENTAVEL;1993;CR6 CABEDELO/PB;14918;MARINHO COSTEIRO;;;;;;;;
3;0000.00.0020;AREA DE PROTECAO AMBIENTAL CARSTE DA LAGOA SANTA;APA;AREA DE PROTECAO AMBIENTAL;USO SUSTENTAVEL;1990;CR11 LAGOA SANTA/MG;39957;CERRADO;;;;;;;;
4;0000.00.0002;AREA DE PROTECAO AMBIENTAL CAVERNAS DO PERUACU;APA;AREA DE PROTECAO AMBIENTAL;USO SUSTENTAVEL;1989;CR11 LAGOA SANTA/MG;143356;CERRADO;;;260.7;;;;;
5;0000.00.0008;AREA DE PROTECAO AMBIENTAL CHAPADA DO ARARIPE;APA;AREA DE PROTECAO AMBIENTAL;USO SUSTENTAVEL;1997;CR6 CABEDELO/PB;972605;CAATINGA;;;;;;;;
6;0000.00.1912;AREA DE PROTECAO AMBIENTAL COSTA DAS ALGAS;APA;AREA DE PROTECAO AMBIENTAL;USO SUSTENTAVEL;2010;CR7 PORTO SEGURO/BA;114805;MATA ATLANTICA;;;;;;;;
7;0000.00.0009;AREA DE PROTECAO AMBIENTAL COSTA DOS CORAIS;APA;AREA DE PROTECAO AMBIENTAL;USO SUSTENTAVEL;1997;CR6 CABEDELO/PB;404286;MARINHO COSTEIRO;;;;;;;;
8;0000.00.0003;AREA DE PROTECAO AMBIENTAL DA BACIA DO RIO DESCOBERTO;APA;AREA DE PROTECAO AMBIENTAL;USO SUSTENTAVEL;1983;CR11 LAGOA SANTA/MG;41784;CERRADO;;;1585.40;;;;;
9;0000.00.0004;AREA DE PROTECAO AMBIENTAL DA BACIA DO RIO SAO BARTOLOMEU;APA;AREA DE PROTECAO AMBIENTAL;USO SUSTENTAVEL;1983;CR11 LAGOA SANTA/MG;82681;CERRADO;;;1620.00;;;;;
10;0000.00.0005;AREA DE PROTECAO AMBIENTAL DA BACIA DO RIO SAO JOAO   MICO LEAO DOURADO;APA;AREA DE PROTECAO AMBIENTAL;USO SUSTENTAVEL;2002;CR8 RIO DE JANEIRO/RJ;150375;MATA ATLANTICA;;;;;;;;
11;0000.00.0006;AREA DE PROTECAO AMBIENTAL DA BALEIA FRANCA;APA;AREA DE PROTECAO AMBIENTAL;USO SUSTENTAVEL;2000;CR9 FLORIANOPOLIS/SC;154867;MARINHO COSTEIRO;;;;;;;;
12;0000.00.0025;AREA DE PROTECAO AMBIENTAL DAS ILHAS E VARZEAS DO RIO PARANA;APA;AREA DE PROTECAO AMBIENTAL;USO SUSTENTAVEL;1997;CR9 FLORIANOPOLIS/SC;1005188;MATA ATLANTICA;;;5972.30;;;;;14447.00
13;0000.00.0028;AREA DE PROTECAO AMBIENTAL DAS NASCENTES DO RIO VERMELHO;APA;AREA DE PROTECAO AMBIENTAL;USO SUSTENTAVEL;2001;CR11 LAGOA SANTA/MG;176324;CERRADO;;;7592.30;;;;;
14;0000.00.0013;AREA DE PROTECAO AMBIENTAL DE CAIRUCU;APA;AREA DE PROTECAO AMBIENTAL;USO SUSTENTAVEL;1983;CR8 RIO DE JANEIRO/RJ;32611;MARINHO COSTEIRO;;;;;;;;
15;0000.00.0014;AREA DE PROTECAO AMBIENTAL DE CANANEIA IGUAPE PERUIBE;APA;AREA DE PROTECAO AMBIENTAL;USO SUSTENTAVEL;1984;CR8 RIO DE JANEIRO/RJ;202310;MARINHO COSTEIRO;;;;;;;;
16;0000.00.0015;AREA DE PROTECAO AMBIENTAL DE FERNANDO DE NORONHA  ROCAS  SAO PEDRO E SAO PAULO;APA;AREA DE PROTECAO AMBIENTAL;USO SUSTENTAVEL;1986;CR6 CABEDELO/PB;884;MARINHO COSTEIRO;;;;;;;;
17;0000.00.0016;AREA DE PROTECAO AMBIENTAL DE GUAPI MIRIM;APA;AREA DE PROTECAO AMBIENTAL;USO SUSTENTAVEL;1984;CR8 RIO DE JANEIRO/RJ;13927;MARINHO COSTEIRO;;;;;;;;
18;0000.00.0017;AREA DE PROTECAO AMBIENTAL DE GUARAQUECABA;APA;AREA DE PROTECAO AMBIENTAL;USO SUSTENTAVEL;1985;CR9 FLORIANOPOLIS/SC;282446;MATA ATLANTICA;;;;;;;;
19;0000.00.0010;AREA DE PROTECAO AMBIENTAL DE PETROPOLIS;APA;AREA DE PROTECAO AMBIENTAL;USO SUSTENTAVEL;1982;CR8 RIO DE JANEIRO/RJ;68224;MATA ATLANTICA;;;;;;;;
20;0000.00.0018;AREA DE PROTECAO AMBIENTAL DE PIACABUCU;APA;AREA DE PROTECAO AMBIENTAL;USO SUSTENTAVEL;1983;CR6 CABEDELO/PB;9107;MARINHO COSTEIRO;;;;;;;;
21;0000.00.0019;AREA DE PROTECAO AMBIENTAL DELTA DO PARNAIBA;APA;AREA DE PROTECAO AMBIENTAL;USO SUSTENTAVEL;1996;CR5 PARNAIBA/PI;307595;MARINHO COSTEIRO;;;1367.10;;;;;
22;0000.00.0022;AREA DE PROTECAO AMBIENTAL DO IGARAPE GELADO;APA;AREA DE PROTECAO AMBIENTAL;USO SUSTENTAVEL;1989;CR4 BELEM/PA;23285;AMAZONIA;;;;;;;;
23;0000.00.0023;AREA DE PROTECAO AMBIENTAL DO PLANALTO CENTRAL;APA;AREA DE PROTECAO AMBIENTAL;USO SUSTENTAVEL;2002;CR11 LAGOA SANTA/MG;503423;CERRADO;;;13509.70;;;;;
24;0000.00.0268;AREA DE PROTECAO AMBIENTAL DO TAPAJOS;APA;AREA DE PROTECAO AMBIENTAL;USO SUSTENTAVEL;2006;CR3 SANTAREM/PA;2040331;AMAZONIA;;;;;;;;598.9
25;0000.00.3407;AREA DE PROTECAO AMBIENTAL DOS CAMPOS DE MANICORE;APA;AREA DE PROTECAO AMBIENTAL;USO SUSTENTAVEL;2016;CR1 PORTO VELHO/RO;151993;AMAZONIA;;;;;;;;
26;0000.00.0021;AREA DE PROTECAO AMBIENTAL IBIRAPUITA;APA;AREA DE PROTECAO AMBIENTAL;USO SUSTENTAVEL;1992;CR9 FLORIANOPOLIS/SC;316792;PAMPAS;;;;;;;;
27;0000.00.0024;AREA DE PROTECAO AMBIENTAL MEANDROS DO ARAGUAIA;APA;AREA DE PROTECAO AMBIENTAL;USO SUSTENTAVEL;1998;CR10 CUIABA/MT;359194;CERRADO;;;114142.60;;;;;82626.40
28;0000.00.0027;AREA DE PROTECAO AMBIENTAL MORRO DA PEDREIRA;APA;AREA DE PROTECAO AMBIENTAL;USO SUSTENTAVEL;1990;CR11 LAGOA SANTA/MG;131771;CERRADO;;;360.3;5852.60;6669.00;;;1107.70
29;0000.00.0029;AREA DE PROTECAO AMBIENTAL SERRA DA IBIAPABA;APA;AREA DE PROTECAO AMBIENTAL;USO SUSTENTAVEL;1996;CR5 PARNAIBA/PI;1628450;CAATINGA;;;9986.10;;;;;
30;0000.00.0011;AREA DE PROTECAO AMBIENTAL SERRA DA MANTIQUEIRA;APA;AREA DE PROTECAO AMBIENTAL;USO SUSTENTAVEL;1985;CR8 RIO DE JANEIRO/RJ;421809;MATA ATLANTICA;;;3703.60;;;;;
31;0000.00.1683;AREA DE PROTECAO AMBIENTAL SERRA DA MERUOCA;APA;AREA DE PROTECAO AMBIENTAL;USO SUSTENTAVEL;2008;CR5 PARNAIBA/PI;29362;CAATINGA;;;;;;;;
32;0000.00.0012;AREA DE PROTECAO AMBIENTAL SERRA DA TABATINGA;APA;AREA DE PROTECAO AMBIENTAL;USO SUSTENTAVEL;1990;CR5 PARNAIBA/PI;35186;CERRADO;;;;;;;;
33;0000.00.0030;AREA DE RELEVANTE INTERESSE ECOLOGICO BURITI DE VASSUNUNGA;ARIE;AREA DE RELEVANTE INTERESSE ECOLOGICO;USO SUSTENTAVEL;1990;CR11 LAGOA SANTA/MG;151;MATA ATLANTICA;;;;;;;;
34;0000.00.0031;AREA DE RELEVANTE INTERESSE ECOLOGICO CAPETINGA TAQUARA;ARIE;AREA DE RELEVANTE INTERESSE ECOLOGICO;USO SUSTENTAVEL;1985;CR11 LAGOA SANTA/MG;2057;CERRADO;;;;;;;;
35;0000.00.0032;AREA DE RELEVANTE INTERESSE ECOLOGICO CERRADO PE DE GIGANTE;ARIE;AREA DE RELEVANTE INTERESSE ECOLOGICO;USO SUSTENTAVEL;1990;CR8 RIO DE JANEIRO/RJ;1199;MATA ATLANTICA;;;;;;;;
36;0000.00.0035;AREA DE RELEVANTE INTERESSE ECOLOGICO FLORESTA DA CICUTA;ARIE;AREA DE RELEVANTE INTERESSE ECOLOGICO;USO SUSTENTAVEL;1985;CR8 RIO DE JANEIRO/RJ;125;MATA ATLANTICA;;;;;;;;
37;0000.00.0036;AREA DE RELEVANTE INTERESSE ECOLOGICO ILHA DO AMEIXAL;ARIE;AREA DE RELEVANTE INTERESSE ECOLOGICO;USO SUSTENTAVEL;1985;CR8 RIO DE JANEIRO/RJ;359;MARINHO COSTEIRO;;;;;;;;
38;0000.00.0037;AREA DE RELEVANTE INTERESSE ECOLOGICO ILHAS DA QUEIMADA PEQUENA E QUEIMADA GRANDE;ARIE;AREA DE RELEVANTE INTERESSE ECOLOGICO;USO SUSTENTAVEL;1985;CR8 RIO DE JANEIRO/RJ;138;MARINHO COSTEIRO;;;;;;;;
39;0000.00.0038;AREA DE RELEVANTE INTERESSE ECOLOGICO JAVARI BURITI;ARIE;AREA DE RELEVANTE INTERESSE ECOLOGICO;USO SUSTENTAVEL;1985;CR2 MANAUS/AM;13177;AMAZONIA;;;;;;;;
40;0000.00.0039;AREA DE RELEVANTE INTERESSE ECOLOGICO MANGUEZAIS DA FOZ DO RIO MAMANGUAPE;ARIE;AREA DE RELEVANTE INTERESSE ECOLOGICO;USO SUSTENTAVEL;1985;CR6 CABEDELO/PB;5770;MARINHO COSTEIRO;;;;;;;;
41;0000.00.0040;AREA DE RELEVANTE INTERESSE ECOLOGICO MATA DE SANTA GENEBRA;ARIE;AREA DE RELEVANTE INTERESSE ECOLOGICO;USO SUSTENTAVEL;1985;CR8 RIO DE JANEIRO/RJ;242;MATA ATLANTICA;;;;;;;;
42;0000.00.0041;AREA DE RELEVANTE INTERESSE ECOLOGICO MATAO DE COSMOPOLIS;ARIE;AREA DE RELEVANTE INTERESSE ECOLOGICO;USO SUSTENTAVEL;1985;CR8 RIO DE JANEIRO/RJ;229;CERRADO;;;;;;;;
43;0000.00.0043;AREA DE RELEVANTE INTERESSE ECOLOGICO PROJETO DINAMICA BIOLOGICA DE FRAGMENTOS FLORESTAIS;ARIE;AREA DE RELEVANTE INTERESSE ECOLOGICO;USO SUSTENTAVEL;1985;CR2 MANAUS/AM;3180;AMAZONIA;;;;;;;;
44;0000.00.0044;AREA DE RELEVANTE INTERESSE ECOLOGICO SERINGAL NOVA ESPERANCA;ARIE;AREA DE RELEVANTE INTERESSE ECOLOGICO;USO SUSTENTAVEL;1999;CR1 PORTO VELHO/RO;2574;AMAZONIA;;;;;;;;
45;0000.00.0045;AREA DE RELEVANTE INTERESSE ECOLOGICO SERRA DA ABELHA E RIO DA PRATA;ARIE;AREA DE RELEVANTE INTERESSE ECOLOGICO;USO SUSTENTAVEL;1990;CR9 FLORIANOPOLIS/SC;5017;MATA ATLANTICA;;;;;;;;
46;0000.00.3131;ESTACAO ECOLOGICA ALTO MAUES;ESEC;ESTACAO ECOLOGICA;PROTECAO INTEGRAL;2014;CR2 MANAUS/AM;668160;AMAZONIA;;;;;;;;
47;0000.00.0263;ESTACAO ECOLOGICA DA GUANABARA;ESEC;ESTACAO ECOLOGICA;PROTECAO INTEGRAL;2006;CR8 RIO DE JANEIRO/RJ;1936;MATA ATLANTICA;;;;;;;;
48;0000.00.0261;ESTACAO ECOLOGICA DA MATA PRETA;ESEC;ESTACAO ECOLOGICA;PROTECAO INTEGRAL;2005;CR9 FLORIANOPOLIS/SC;6567;MATA ATLANTICA;;;;;;;;
49;0000.00.0075;ESTACAO ECOLOGICA DA SERRA DAS ARARAS;ESEC;ESTACAO ECOLOGICA;PROTECAO INTEGRAL;1982;CR10 CUIABA/MT;27160;CERRADO;3482.50;;2450.40;;;;;
50;0000.00.0047;ESTACAO ECOLOGICA DA TERRA DO MEIO;ESEC;ESTACAO ECOLOGICA;PROTECAO INTEGRAL;2005;CR3 SANTAREM/PA;3373175;AMAZONIA;8201.60;365.3;8815.10;347.8;2599.20;766.6;;2136.90
51;0000.00.0048;ESTACAO ECOLOGICA DE AIUABA;ESEC;ESTACAO ECOLOGICA;PROTECAO INTEGRAL;2001;CR6 CABEDELO/PB;11747;CAATINGA;144.9;;;;;;;
52;0000.00.0050;ESTACAO ECOLOGICA DE ARACURI ESMERALDA;ESEC;ESTACAO ECOLOGICA;PROTECAO INTEGRAL;1981;CR9 FLORIANOPOLIS/SC;277;MATA ATLANTICA;;;;;;;;
53;0000.00.0051;ESTACAO ECOLOGICA DE CARACARAI;ESEC;ESTACAO ECOLOGICA;PROTECAO INTEGRAL;1982;CR2 MANAUS/AM;86795;AMAZONIA;;;;731.4;3975.50;291.7;;
54;0000.00.0052;ESTACAO ECOLOGICA DE CARIJOS;ESEC;ESTACAO ECOLOGICA;PROTECAO INTEGRAL;1987;CR9 FLORIANOPOLIS/SC;759;MATA ATLANTICA;;;;;;;;
55;0000.00.0053;ESTACAO ECOLOGICA DE CUNIA;ESEC;ESTACAO ECOLOGICA;PROTECAO INTEGRAL;2001;CR1 PORTO VELHO/RO;185314;AMAZONIA;719.4;1088.60;;;;;4451.20;672.8
56;0000.00.0054;ESTACAO ECOLOGICA DE GUARAQUECABA;ESEC;ESTACAO ECOLOGICA;PROTECAO INTEGRAL;1982;CR9 FLORIANOPOLIS/SC;4476;MATA ATLANTICA;;;;;;;;
57;0000.00.0055;ESTACAO ECOLOGICA DE IQUE;ESEC;ESTACAO ECOLOGICA;PROTECAO INTEGRAL;1981;CR10 CUIABA/MT;215971;CERRADO;;;440.4;;;;;
58;0000.00.0056;ESTACAO ECOLOGICA DE JUTAI SOLIMOES;ESEC;ESTACAO ECOLOGICA;PROTECAO INTEGRAL;1983;CR2 MANAUS/AM;289514;AMAZONIA;;;;;;;;
59;0000.00.0057;ESTACAO ECOLOGICA DE MARACA;ESEC;ESTACAO ECOLOGICA;PROTECAO INTEGRAL;1981;CR2 MANAUS/AM;103520;AMAZONIA;;;;;;;;
60;0000.00.0058;ESTACAO ECOLOGICA DE MARACA JIPIOCA;ESEC;ESTACAO ECOLOGICA;PROTECAO INTEGRAL;1981;CR4 BELEM/PA;60253;AMAZONIA;;;;;;;;
61;0000.00.0059;ESTACAO ECOLOGICA DE MURICI;ESEC;ESTACAO ECOLOGICA;PROTECAO INTEGRAL;2001;CR6 CABEDELO/PB;6132;MATA ATLANTICA;;;;;;;;
62;0000.00.0061;ESTACAO ECOLOGICA DE PIRAPITINGA;ESEC;ESTACAO ECOLOGICA;PROTECAO INTEGRAL;1987;CR11 LAGOA SANTA/MG;1385;CERRADO;;;;;;;;
63;0000.00.0062;ESTACAO ECOLOGICA DE TAIAMA;ESEC;ESTACAO ECOLOGICA;PROTECAO INTEGRAL;1981;CR10 CUIABA/MT;11555;PANTANAL;;;;;;;;
64;0000.00.0063;ESTACAO ECOLOGICA DE TAMOIOS;ESEC;ESTACAO ECOLOGICA;PROTECAO INTEGRAL;1990;CR8 RIO DE JANEIRO/RJ;9361;MATA ATLANTICA;;;;;;;;
65;0000.00.0065;ESTACAO ECOLOGICA DE URUCUI UNA;ESEC;ESTACAO ECOLOGICA;PROTECAO INTEGRAL;1981;CR5 PARNAIBA/PI;135122;CERRADO;39195.50;19132.70;27425.20;28439.70;59146.70;34874.50;12267.60;65507.60
66;0000.00.0066;ESTACAO ECOLOGICA DO CASTANHAO;ESEC;ESTACAO ECOLOGICA;PROTECAO INTEGRAL;2001;CR6 CABEDELO/PB;12575;CAATINGA;;1513.10;;;;;;
67;0000.00.0067;ESTACAO ECOLOGICA DO JARI;ESEC;ESTACAO ECOLOGICA;PROTECAO INTEGRAL;1982;CR4 BELEM/PA;231082;AMAZONIA;;;;;;;;
68;0000.00.0069;ESTACAO ECOLOGICA DO SERIDO;ESEC;ESTACAO ECOLOGICA;PROTECAO INTEGRAL;1982;CR6 CABEDELO/PB;1124;CAATINGA;;;;;;;;
69;0000.00.0070;ESTACAO ECOLOGICA DO TAIM;ESEC;ESTACAO ECOLOGICA;PROTECAO INTEGRAL;1986;CR9 FLORIANOPOLIS/SC;10939;PAMPAS;;;;;;;3930.40;
70;0000.00.0071;ESTACAO ECOLOGICA DOS TUPINIQUINS;ESEC;ESTACAO ECOLOGICA;PROTECAO INTEGRAL;1986;CR8 RIO DE JANEIRO/RJ;1728;MARINHO COSTEIRO;;;;;;;;
71;0000.00.0072;ESTACAO ECOLOGICA JUAMI JAPURA;ESEC;ESTACAO ECOLOGICA;PROTECAO INTEGRAL;1985;CR2 MANAUS/AM;831532;AMAZONIA;;;;;;;;
72;0000.00.0073;ESTACAO ECOLOGICA MICO LEAO PRETO;ESEC;ESTACAO ECOLOGICA;PROTECAO INTEGRAL;2002;CR8 RIO DE JANEIRO/RJ;6681;MATA ATLANTICA;;;;;;;;
73;0000.00.0060;ESTACAO ECOLOGICA NIQUIA;ESEC;ESTACAO ECOLOGICA;PROTECAO INTEGRAL;1985;CR2 MANAUS/AM;284791;AMAZONIA;;71161.70;;;;;;
74;0000.00.0074;ESTACAO ECOLOGICA RASO DA CATARINA;ESEC;ESTACAO ECOLOGICA;PROTECAO INTEGRAL;1984;CR6 CABEDELO/PB;104844;CAATINGA;;;;;1758.20;;;
75;0000.00.0068;ESTACAO ECOLOGICA RIO ACRE;ESEC;ESTACAO ECOLOGICA;PROTECAO INTEGRAL;1981;CR1 PORTO VELHO/RO;79094;AMAZONIA;;;;;;;;
76;0000.00.0076;ESTACAO ECOLOGICA SERRA GERAL DO TOCANTINS;ESEC;ESTACAO ECOLOGICA;PROTECAO INTEGRAL;2001;CR5 PARNAIBA/PI;707088;CERRADO;172347.30;141042.20;185744.10;229960.20;233367.80;286303.70;192624.90;251539.10
77;0000.00.0064;ESTACAO ECOLOGICA TUPINAMBAS;ESEC;ESTACAO ECOLOGICA;PROTECAO INTEGRAL;1987;CR8 RIO DE JANEIRO/RJ;2464;MARINHO COSTEIRO;;;;;;;;
78;0000.00.0128;FLORESTA NACIONAL DA MATA GRANDE;FLONA;FLORESTA;USO SUSTENTAVEL;2003;CR11 LAGOA SANTA/MG;2010;CERRADO;;;;;;;;
79;0000.00.0132;FLORESTA NACIONAL DA RESTINGA DE CABEDELO;FLONA;FLORESTA;USO SUSTENTAVEL;2004;CR6 CABEDELO/PB;115;MATA ATLANTICA;;;;;;;;
80;0000.00.0082;FLORESTA NACIONAL DE ACU;FLONA;FLORESTA;USO SUSTENTAVEL;2001;CR6 CABEDELO/PB;218;CAATINGA;;;;;;;;
81;0000.00.0083;FLORESTA NACIONAL DE ALTAMIRA;FLONA;FLORESTA;USO SUSTENTAVEL;1998;CR3 SANTAREM/PA;724974;AMAZONIA;10089.90;306.8;5562.90;3586.40;3223.10;3284.50;;3389.30
82;0000.00.0084;FLORESTA NACIONAL DE ANAUA;FLONA;FLORESTA;USO SUSTENTAVEL;2005;CR2 MANAUS/AM;259403;AMAZONIA;;;;;;;;
83;0000.00.0077;FLORESTA NACIONAL DE ASSUNGUI;FLONA;FLORESTA;USO SUSTENTAVEL;1968;CR9 FLORIANOPOLIS/SC;561;MATA ATLANTICA;;;;;;;;
84;0000.00.0085;FLORESTA NACIONAL DE BALATA TUFARI;FLONA;FLORESTA;USO SUSTENTAVEL;2005;CR1 PORTO VELHO/RO;1079678;AMAZONIA;;1103.90;;587.3;;;;
85;0000.00.0086;FLORESTA NACIONAL DE BRASILIA;FLONA;FLORESTA;USO SUSTENTAVEL;1999;CR11 LAGOA SANTA/MG;9336;CERRADO;1523.80;;2634.60;1610.40;760.5;984.6;406.8;
86;0000.00.0078;FLORESTA NACIONAL DE CACADOR;FLONA;FLORESTA;USO SUSTENTAVEL;1968;CR9 FLORIANOPOLIS/SC;707;MATA ATLANTICA;;;;;;;;
87;0000.00.0087;FLORESTA NACIONAL DE CANELA;FLONA;FLORESTA;USO SUSTENTAVEL;1968;CR9 FLORIANOPOLIS/SC;564;MATA ATLANTICA;;;;;;;;
88;0000.00.0079;FLORESTA NACIONAL DE CAPAO BONITO;FLONA;FLORESTA;USO SUSTENTAVEL;1968;CR8 RIO DE JANEIRO/RJ;4758;CERRADO;;;;;;;;
89;0000.00.0088;FLORESTA NACIONAL DE CARAJAS;FLONA;FLORESTA;USO SUSTENTAVEL;1998;CR4 BELEM/PA;392730;AMAZONIA;;;290.5;;;;;
90;0000.00.0089;FLORESTA NACIONAL DE CAXIUANA;FLONA;FLORESTA;USO SUSTENTAVEL;1961;CR4 BELEM/PA;317951;AMAZONIA;;;;;;;;
91;0000.00.0080;FLORESTA NACIONAL DE CHAPECO;FLONA;FLORESTA;USO SUSTENTAVEL;1968;CR9 FLORIANOPOLIS/SC;1604;MATA ATLANTICA;;;;;;;;
92;0000.00.0081;FLORESTA NACIONAL DE CONTENDAS DO SINCORA;FLONA;FLORESTA;USO SUSTENTAVEL;1999;CR7 PORTO SEGURO/BA;11216;CAATINGA;;;;;;;;
93;0000.00.0090;FLORESTA NACIONAL DE CRISTOPOLIS;FLONA;FLORESTA;USO SUSTENTAVEL;2001;CR7 PORTO SEGURO/BA;12841;CERRADO;;328.8;;;;;;
94;0000.00.0091;FLORESTA NACIONAL DE GOYTACAZES;FLONA;FLORESTA;USO SUSTENTAVEL;2002;CR7 PORTO SEGURO/BA;1426;MATA ATLANTICA;;;;;;;;
95;0000.00.0092;FLORESTA NACIONAL DE HUMAITA;FLONA;FLORESTA;USO SUSTENTAVEL;1998;CR1 PORTO VELHO/RO;473159;AMAZONIA;;;;;;;;
96;0000.00.0093;FLORESTA NACIONAL DE IBIRAMA;FLONA;FLORESTA;USO SUSTENTAVEL;1988;CR9 FLORIANOPOLIS/SC;519;MATA ATLANTICA;;;;;;;;
97;0000.00.0094;FLORESTA NACIONAL DE IPANEMA;FLONA;FLORESTA;USO SUSTENTAVEL;1992;CR8 RIO DE JANEIRO/RJ;5385;MATA ATLANTICA;;11.4;;;;;;
98;0000.00.0125;FLORESTA NACIONAL DE IRATI;FLONA;FLORESTA;USO SUSTENTAVEL;1968;CR9 FLORIANOPOLIS/SC;3803;MATA ATLANTICA;;;;;;;;
99;0000.00.0095;FLORESTA NACIONAL DE ITAITUBA I;FLONA;FLORESTA;USO SUSTENTAVEL;1998;CR3 SANTAREM/PA;212892;AMAZONIA;;;;;;;;
100;0000.00.0096;FLORESTA NACIONAL DE ITAITUBA II;FLONA;FLORESTA;USO SUSTENTAVEL;1998;CR3 SANTAREM/PA;397756;AMAZONIA;;;1293.60;;;;;
101;0000.00.0097;FLORESTA NACIONAL DE JACUNDA;FLONA;FLORESTA;USO SUSTENTAVEL;2004;CR1 PORTO VELHO/RO;221220;AMAZONIA;;;182.6;;;;;
102;0000.00.0098;FLORESTA NACIONAL DE LORENA;FLONA;FLORESTA;USO SUSTENTAVEL;2001;CR8 RIO DE JANEIRO/RJ;281;MATA ATLANTICA;;;;;;;;
103;0000.00.0099;FLORESTA NACIONAL DE MULATA;FLONA;FLORESTA;USO SUSTENTAVEL;2001;CR3 SANTAREM/PA;216604;AMAZONIA;;;;;584.1;;;
104;0000.00.1605;FLORESTA NACIONAL DE NEGREIROS;FLONA;FLORESTA;USO SUSTENTAVEL;2007;CR6 CABEDELO/PB;3005;CAATINGA;;;;;;;;
105;0000.00.0100;FLORESTA NACIONAL DE NISIA FLORESTA;FLONA;FLORESTA;USO SUSTENTAVEL;2001;CR6 CABEDELO/PB;169;MATA ATLANTICA;;;;;;;;
106;0000.00.0101;FLORESTA NACIONAL DE PACOTUBA;FLONA;FLORESTA;USO SUSTENTAVEL;2002;CR7 PORTO SEGURO/BA;449;MATA ATLANTICA;;;;;;;;
107;0000.00.0102;FLORESTA NACIONAL DE PALMARES;FLONA;FLORESTA;USO SUSTENTAVEL;2005;CR5 PARNAIBA/PI;168;CAATINGA;;;;;;;;
108;0000.00.0103;FLORESTA NACIONAL DE PARAOPEBA;FLONA;FLORESTA;USO SUSTENTAVEL;2001;CR11 LAGOA SANTA/MG;203;CERRADO;;;;;;;;
109;0000.00.0129;FLORESTA NACIONAL DE PASSA QUATRO;FLONA;FLORESTA;USO SUSTENTAVEL;1968;CR8 RIO DE JANEIRO/RJ;335;MATA ATLANTICA;;;;;;;;
110;0000.00.0130;FLORESTA NACIONAL DE PASSO FUNDO;FLONA;FLORESTA;USO SUSTENTAVEL;1968;CR9 FLORIANOPOLIS/SC;1334;MATA ATLANTICA;;;;;;;;
111;0000.00.0104;FLORESTA NACIONAL DE PAU ROSA;FLONA;FLORESTA;USO SUSTENTAVEL;2001;CR2 MANAUS/AM;988187;AMAZONIA;;;;;;;;
112;0000.00.0131;FLORESTA NACIONAL DE PIRAI DO SUL;FLONA;FLORESTA;USO SUSTENTAVEL;2004;CR9 FLORIANOPOLIS/SC;170;MATA ATLANTICA;;;;;;;;
113;0000.00.0105;FLORESTA NACIONAL DE RITAPOLIS;FLONA;FLORESTA;USO SUSTENTAVEL;1999;CR11 LAGOA SANTA/MG;89;MATA ATLANTICA;;;;;;;;
114;0000.00.0106;FLORESTA NACIONAL DE RORAIMA;FLONA;FLORESTA;USO SUSTENTAVEL;1989;CR2 MANAUS/AM;167332;AMAZONIA;54500.40;1382.40;;1584.60;696.9;;;
115;0000.00.0107;FLORESTA NACIONAL DE SANTA ROSA DO PURUS;FLONA;FLORESTA;USO SUSTENTAVEL;2001;CR1 PORTO VELHO/RO;231557;AMAZONIA;;;;;;;;
116;0000.00.0108;FLORESTA NACIONAL DE SAO FRANCISCO;FLONA;FLORESTA;USO SUSTENTAVEL;2001;CR1 PORTO VELHO/RO;21148;AMAZONIA;;;;;;;;
117;0000.00.0133;FLORESTA NACIONAL DE SAO FRANCISCO DE PAULA;FLONA;FLORESTA;USO SUSTENTAVEL;1968;CR9 FLORIANOPOLIS/SC;1616;MATA ATLANTICA;;;;;;;;
118;0000.00.0110;FLORESTA NACIONAL DE SILVANIA;FLONA;FLORESTA;USO SUSTENTAVEL;2001;CR11 LAGOA SANTA/MG;487;CERRADO;;;;;;;;
119;0000.00.0111;FLORESTA NACIONAL DE SOBRAL;FLONA;FLORESTA;USO SUSTENTAVEL;2001;CR5 PARNAIBA/PI;661;CAATINGA;;;;;;;;
120;0000.00.0112;FLORESTA NACIONAL DE TEFE;FLONA;FLORESTA;USO SUSTENTAVEL;1989;CR2 MANAUS/AM;865127;AMAZONIA;;;;;;;;
121;0000.00.0134;FLORESTA NACIONAL DE TRES BARRAS;FLONA;FLORESTA;USO SUSTENTAVEL;1968;CR9 FLORIANOPOLIS/SC;4385;MATA ATLANTICA;;;;;;;;
122;0000.00.3408;FLORESTA NACIONAL DE URUPADI;FLONA;FLORESTA;USO SUSTENTAVEL;2016;CR1 PORTO VELHO/RO;537228;AMAZONIA;;;;;;;;
123;0000.00.0271;FLORESTA NACIONAL DO AMANA;FLONA;FLORESTA;USO SUSTENTAVEL;2006;CR3 SANTAREM/PA;680843;AMAZONIA;;;;;;;;
124;0000.00.0113;FLORESTA NACIONAL DO AMAPA;FLONA;FLORESTA;USO SUSTENTAVEL;1989;CR4 BELEM/PA;460359;AMAZONIA;;;;;;;;
125;0000.00.0114;FLORESTA NACIONAL DO AMAZONAS;FLONA;FLORESTA;USO SUSTENTAVEL;1989;CR2 MANAUS/AM;1944230;AMAZONIA;186.6;;;2830.40;;;;
126;0000.00.0115;FLORESTA NACIONAL DO ARARIPE APODI;FLONA;FLORESTA;USO SUSTENTAVEL;1946;CR6 CABEDELO/PB;38920;CAATINGA;999.5;;;;;;;
127;0000.00.3409;FLORESTA NACIONAL DO ARIPUANA;FLONA;FLORESTA;USO SUSTENTAVEL;2016;CR1 PORTO VELHO/RO;751295;AMAZONIA;100.5;331.8;531.8;;;;;
128;0000.00.0116;FLORESTA NACIONAL DO BOM FUTURO;FLONA;FLORESTA;USO SUSTENTAVEL;1988;CR1 PORTO VELHO/RO;97385;AMAZONIA;5070.00;2909.80;5056.20;1299.20;3956.60;805.8;85.2;3543.30
129;0000.00.0270;FLORESTA NACIONAL DO CREPORI;FLONA;FLORESTA;USO SUSTENTAVEL;2006;CR3 SANTAREM/PA;740396;AMAZONIA;;;;;;;;
130;0000.00.0269;FLORESTA NACIONAL DO IBURA;FLONA;FLORESTA;USO SUSTENTAVEL;2005;CR6 CABEDELO/PB;144;MATA ATLANTICA;;;;;;;;
131;0000.00.1612;FLORESTA NACIONAL DO IQUIRI;FLONA;FLORESTA;USO SUSTENTAVEL;2008;CR1 PORTO VELHO/RO;1472610;AMAZONIA;;;;;410.3;;;1104.20
132;0000.00.0117;FLORESTA NACIONAL DO ITACAIUNAS;FLONA;FLORESTA;USO SUSTENTAVEL;1998;CR4 BELEM/PA;136701;AMAZONIA;;;1107.80;237.7;;;153.9;
133;0000.00.0266;FLORESTA NACIONAL DO JAMANXIM;FLONA;FLORESTA;USO SUSTENTAVEL;2006;CR3 SANTAREM/PA;1301697;AMAZONIA;50227.80;17203.90;37380.60;25239.70;30275.20;16660.30;2879.60;14298.70
134;0000.00.0118;FLORESTA NACIONAL DO JAMARI;FLONA;FLORESTA;USO SUSTENTAVEL;1984;CR1 PORTO VELHO/RO;222116;AMAZONIA;1194.10;;40.2;;;;;
135;0000.00.0119;FLORESTA NACIONAL DO JATUARANA;FLONA;FLORESTA;USO SUSTENTAVEL;2002;CR1 PORTO VELHO/RO;569428;AMAZONIA;;;;;;;;
136;0000.00.0120;FLORESTA NACIONAL DO MACAUA;FLONA;FLORESTA;USO SUSTENTAVEL;1988;CR1 PORTO VELHO/RO;176347;AMAZONIA;;;;;;;;
137;0000.00.0121;FLORESTA NACIONAL DO PURUS;FLONA;FLORESTA;USO SUSTENTAVEL;1988;CR1 PORTO VELHO/RO;256123;AMAZONIA;;;;;;;;
138;0000.00.0122;FLORESTA NACIONAL DO RIO PRETO;FLONA;FLORESTA;USO SUSTENTAVEL;1990;CR7 PORTO SEGURO/BA;2817;MATA ATLANTICA;;;;;;;;
139;0000.00.0123;FLORESTA NACIONAL DO TAPAJOS;FLONA;FLORESTA;USO SUSTENTAVEL;1974;CR3 SANTAREM/PA;530621;AMAZONIA;;;;;;;;
140;0000.00.0124;FLORESTA NACIONAL DO TAPIRAPEAQUIRI;FLONA;FLORESTA;USO SUSTENTAVEL;1989;CR4 BELEM/PA;196506;AMAZONIA;;;;;;;;
141;0000.00.0265;FLORESTA NACIONAL DO TRAIRAO;FLONA;FLORESTA;USO SUSTENTAVEL;2006;CR3 SANTAREM/PA;257529;AMAZONIA;;;;;;;;
142;0000.00.0126;FLORESTA NACIONAL MAPIA INAUINI;FLONA;FLORESTA;USO SUSTENTAVEL;1989;CR1 PORTO VELHO/RO;368950;AMAZONIA;;;;;;;;
143;0000.00.0127;FLORESTA NACIONAL MARIO XAVIER;FLONA;FLORESTA;USO SUSTENTAVEL;1986;CR8 RIO DE JANEIRO/RJ;496;MATA ATLANTICA;;;;;;;;
144;0000.00.0109;FLORESTA NACIONAL SARARA TAQUARA;FLONA;FLORESTA;USO SUSTENTAVEL;1989;CR3 SANTAREM/PA;441288;AMAZONIA;;;;;;;;
145;0000.00.0034;MONUMENTO NATURAL DAS ILHAS CAGARRAS;MONA;MONUMENTO NATURAL;PROTECAO INTEGRAL;2010;CR8 RIO DE JANEIRO/RJ;106;MARINHO COSTEIRO;;;;;;;;
146;0000.00.1812;MONUMENTO NATURAL DO RIO SAO FRANCISCO;MONA;MONUMENTO NATURAL;PROTECAO INTEGRAL;2009;CR6 CABEDELO/PB;26737;CAATINGA;;;;;;;;
147;0000.00.0181;MONUMENTO NATURAL DOS PONTOES CAPIXABAS;MONA;MONUMENTO NATURAL;PROTECAO INTEGRAL;2008;CR7 PORTO SEGURO/BA;17444;MATA ATLANTICA;;;85.5;;;;;
148;0000.00.0135;PARQUE NACIONAL CAVERNAS DO PERUACU;PARNA;PARQUE;PROTECAO INTEGRAL;1999;CR11 LAGOA SANTA/MG;56449;CERRADO;;;;;;;;
149;0000.00.0136;PARQUE NACIONAL DA AMAZONIA;PARNA;PARQUE;PROTECAO INTEGRAL;1974;CR3 SANTAREM/PA;1066208;AMAZONIA;;;;;;;;
150;0000.00.0272;PARQUE NACIONAL DA CHAPADA DAS MESAS;PARNA;PARQUE;PROTECAO INTEGRAL;2005;CR5 PARNAIBA/PI;159954;CERRADO;14061.90;;20046.70;;19498.70;20980.80;34850.90;16956.90
151;0000.00.0137;PARQUE NACIONAL DA CHAPADA DIAMANTINA;PARNA;PARQUE;PROTECAO INTEGRAL;1985;CR7 PORTO SEGURO/BA;152144;CAATINGA;;3958.80;356;2274.80;32997.90;;2733.60;6963.60
152;0000.00.0138;PARQUE NACIONAL DA CHAPADA DOS GUIMARAES;PARNA;PARQUE;PROTECAO INTEGRAL;1989;CR10 CUIABA/MT;32647;CERRADO;7249.50;;4309.50;2651.70;6643.00;;;1903.40
153;0000.00.0139;PARQUE NACIONAL DA CHAPADA DOS VEADEIROS;PARNA;PARQUE;PROTECAO INTEGRAL;1961;CR11 LAGOA SANTA/MG;64796;CERRADO;41889.40;13384.40;86492.00;183.8;14581.20;8554.80;453.1;6279.70
154;0000.00.2633;PARQUE NACIONAL DA FURNA FEIA;PARNA;PARQUE;PROTECAO INTEGRAL;2012;CR6 CABEDELO/PB;8518;CAATINGA;;;;;;;;
155;0000.00.0140;PARQUE NACIONAL DA LAGOA DO PEIXE;PARNA;PARQUE;PROTECAO INTEGRAL;1986;CR9 FLORIANOPOLIS/SC;36722;PAMPAS;;;69.6;;;;;
156;0000.00.0141;PARQUE NACIONAL DA RESTINGA DE JURUBATIBA;PARNA;PARQUE;PROTECAO INTEGRAL;1998;CR8 RIO DE JANEIRO/RJ;14867;MATA ATLANTICA;;;;;;;;
157;0000.00.0142;PARQUE NACIONAL DA SERRA DA BOCAINA;PARNA;PARQUE;PROTECAO INTEGRAL;1971;CR8 RIO DE JANEIRO/RJ;104046;MATA ATLANTICA;;;1012.00;;;;;
158;0000.00.0143;PARQUE NACIONAL DA SERRA DA BODOQUENA;PARNA;PARQUE;PROTECAO INTEGRAL;2000;CR10 CUIABA/MT;77022;CERRADO;;;;;;;;
159;0000.00.0144;PARQUE NACIONAL DA SERRA DA CANASTRA;PARNA;PARQUE;PROTECAO INTEGRAL;1972;CR11 LAGOA SANTA/MG;197812;CERRADO;41897.40;44544.00;50598.50;91519.90;36937.40;92584.60;12548.20;88365.50
160;0000.00.0145;PARQUE NACIONAL DA SERRA DA CAPIVARA;PARNA;PARQUE;PROTECAO INTEGRAL;1979;CR5 PARNAIBA/PI;100764;CAATINGA;;;;;;;;
161;0000.00.0188;PARQUE NACIONAL DA SERRA DA CUTIA;PARNA;PARQUE;PROTECAO INTEGRAL;2001;CR1 PORTO VELHO/RO;283503;AMAZONIA;;;;2474.10;;;;
162;0000.00.0146;PARQUE NACIONAL DA SERRA DAS CONFUSOES;PARNA;PARQUE;PROTECAO INTEGRAL;1998;CR5 PARNAIBA/PI;823855;CAATINGA;2038.70;22306.60;6560.40;3965.50;73486.60;;11092.10;
163;0000.00.1909;PARQUE NACIONAL DA SERRA DAS LONTRAS;PARNA;PARQUE;PROTECAO INTEGRAL;2010;CR7 PORTO SEGURO/BA;11344;MATA ATLANTICA;;;;;;;;
164;0000.00.0148;PARQUE NACIONAL DA SERRA DO CIPO;PARNA;PARQUE;PROTECAO INTEGRAL;1984;CR11 LAGOA SANTA/MG;31640;CERRADO;5661.20;;614;1288.20;7547.80;7505.70;;6649.10
165;0000.00.0149;PARQUE NACIONAL DA SERRA DO DIVISOR;PARNA;PARQUE;PROTECAO INTEGRAL;1989;CR1 PORTO VELHO/RO;837560;AMAZONIA;;;;;;;;
166;0000.00.3136;PARQUE NACIONAL DA SERRA DO GANDARELA;PARNA;PARQUE;PROTECAO INTEGRAL;2014;CR11 LAGOA SANTA/MG;31284;MATA ATLANTICA;140.8;516.4;44.3;;470.7;;;
167;0000.00.0150;PARQUE NACIONAL DA SERRA DO ITAJAI;PARNA;PARQUE;PROTECAO INTEGRAL;2004;CR9 FLORIANOPOLIS/SC;57375;MATA ATLANTICA;;;;;;;;
168;0000.00.0151;PARQUE NACIONAL DA SERRA DO PARDO;PARNA;PARQUE;PROTECAO INTEGRAL;2005;CR3 SANTAREM/PA;445413;AMAZONIA;4765.90;;2304.90;;;;;
169;0000.00.0152;PARQUE NACIONAL DA SERRA DOS ORGAOS;PARNA;PARQUE;PROTECAO INTEGRAL;1939;CR8 RIO DE JANEIRO/RJ;20021;MATA ATLANTICA;;64.6;;;;;;
170;0000.00.0153;PARQUE NACIONAL DA SERRA GERAL;PARNA;PARQUE;PROTECAO INTEGRAL;1992;CR9 FLORIANOPOLIS/SC;17302;MATA ATLANTICA;28.1;;21.5;198.2;;;;
171;0000.00.0154;PARQUE NACIONAL DA TIJUCA;PARNA;PARQUE;PROTECAO INTEGRAL;1961;CR8 RIO DE JANEIRO/RJ;3959;MATA ATLANTICA;;;4.9;;;;;
172;0000.00.0262;PARQUE NACIONAL DAS ARAUCARIAS;PARNA;PARQUE;PROTECAO INTEGRAL;2005;CR9 FLORIANOPOLIS/SC;12810;MATA ATLANTICA;;;;;;;;
173;0000.00.0155;PARQUE NACIONAL DAS EMAS;PARNA;PARQUE;PROTECAO INTEGRAL;1961;CR10 CUIABA/MT;132643;CERRADO;46500.70;4491.20;16316.40;26217.10;37394.50;2298.80;854.5;10136.90
174;0000.00.0156;PARQUE NACIONAL DAS NASCENTES DO RIO PARNAIBA;PARNA;PARQUE;PROTECAO INTEGRAL;2002;CR5 PARNAIBA/PI;724334;CERRADO;196611.30;84336.80;144402.10;171540.80;226328.20;149041.60;163208.50;153878.60
175;0000.00.0157;PARQUE NACIONAL DAS SEMPRE VIVAS;PARNA;PARQUE;PROTECAO INTEGRAL;2002;CR11 LAGOA SANTA/MG;124156;CERRADO;1421.80;311.4;;4052.00;3991.20;2216.20;;
176;0000.00.0049;PARQUE NACIONAL DE ANAVILHANAS;PARNA;PARQUE;PROTECAO INTEGRAL;1981;CR2 MANAUS/AM;340835;AMAZONIA;;;;;;;;
177;0000.00.0158;PARQUE NACIONAL DE APARADOS DA SERRA;PARNA;PARQUE;PROTECAO INTEGRAL;1959;CR9 FLORIANOPOLIS/SC;13148;MATA ATLANTICA;1661.40;;855.6;289;;;;
178;0000.00.1908;PARQUE NACIONAL DE BOA NOVA;PARNA;PARQUE;PROTECAO INTEGRAL;2010;CR7 PORTO SEGURO/BA;12065;MATA ATLANTICA;;;41.1;;;;;
179;0000.00.0159;PARQUE NACIONAL DE BRASILIA;PARNA;PARQUE;PROTECAO INTEGRAL;1961;CR11 LAGOA SANTA/MG;42356;CERRADO;2722.70;;6288.80;3005.20;241.3;2393.90;;
180;0000.00.0160;PARQUE NACIONAL DE CAPARAO;PARNA;PARQUE;PROTECAO INTEGRAL;1961;CR11 LAGOA SANTA/MG;31763;MATA ATLANTICA;;;180.8;;;;;710.4
181;0000.00.0161;PARQUE NACIONAL DE ILHA GRANDE;PARNA;PARQUE;PROTECAO INTEGRAL;1997;CR9 FLORIANOPOLIS/SC;76079;MATA ATLANTICA;47440.60;;35451.00;;9662.50;10720.50;;17689.70
182;0000.00.0184;PARQUE NACIONAL DE ITATIAIA;PARNA;PARQUE;PROTECAO INTEGRAL;1937;CR8 RIO DE JANEIRO/RJ;28086;MATA ATLANTICA;143.3;;113.4;;;;;
183;0000.00.0162;PARQUE NACIONAL DE JERICOACOARA;PARNA;PARQUE;PROTECAO INTEGRAL;2002;CR5 PARNAIBA/PI;8863;CAATINGA;;;;;;;;
184;0000.00.0163;PARQUE NACIONAL DE PACAAS NOVOS;PARNA;PARQUE;PROTECAO INTEGRAL;1979;CR1 PORTO VELHO/RO;708670;AMAZONIA;;4706.30;2694.20;12787.90;9300.70;;4366.80;6127.70
185;0000.00.0164;PARQUE NACIONAL DE SAINT HILAIRE/LANGE;PARNA;PARQUE;PROTECAO INTEGRAL;2001;CR9 FLORIANOPOLIS/SC;25119;MATA ATLANTICA;;;;;;;;
186;0000.00.0165;PARQUE NACIONAL DE SAO JOAQUIM;PARNA;PARQUE;PROTECAO INTEGRAL;1961;CR9 FLORIANOPOLIS/SC;45524;MATA ATLANTICA;1524.00;;;3410.20;;;157.7;
187;0000.00.0166;PARQUE NACIONAL DE SETE CIDADES;PARNA;PARQUE;PROTECAO INTEGRAL;1961;CR5 PARNAIBA/PI;6304;CAATINGA;;;;;;;;
188;0000.00.0167;PARQUE NACIONAL DE UBAJARA;PARNA;PARQUE;PROTECAO INTEGRAL;1959;CR5 PARNAIBA/PI;6271;CAATINGA;;;;;;;;
189;0000.00.0171;PARQUE NACIONAL DESCOBRIMENTO;PARNA;PARQUE;PROTECAO INTEGRAL;1999;CR7 PORTO SEGURO/BA;22694;MATA ATLANTICA;;;;;192;309.2;;
190;0000.00.3410;PARQUE NACIONAL DO ACARI;PARNA;PARQUE;PROTECAO INTEGRAL;2016;CR1 PORTO VELHO/RO;896407;AMAZONIA;445;;;;;;;
191;0000.00.1910;PARQUE NACIONAL DO ALTO CARIRI;PARNA;PARQUE;PROTECAO INTEGRAL;2010;CR7 PORTO SEGURO/BA;19238;MATA ATLANTICA;;;;;;;;
192;0000.00.0168;PARQUE NACIONAL DO ARAGUAIA;PARNA;PARQUE;PROTECAO INTEGRAL;1959;CR10 CUIABA/MT;555524;CERRADO;329410.30;138454.90;370465.30;305338.00;239066.60;216326.70;140009.00;277808.40
193;0000.00.3652;PARQUE NACIONAL DO BOQUEIRAO DA ONCA;PARNA;PARQUE;PROTECAO INTEGRAL;2018;CR7 PORTO SEGURO/BA;346908;CAATINGA;;3224.40;;;;;;
194;0000.00.0169;PARQUE NACIONAL DO CABO ORANGE;PARNA;PARQUE;PROTECAO INTEGRAL;1980;CR4 BELEM/PA;657328;AMAZONIA;1551.90;;;4466.50;2254.70;;;37480.90
195;0000.00.0170;PARQUE NACIONAL DO CATIMBAU;PARNA;PARQUE;PROTECAO INTEGRAL;2002;CR6 CABEDELO/PB;62295;CAATINGA;;;;;;;;
196;0000.00.0172;PARQUE NACIONAL DO IGUACU;PARNA;PARQUE;PROTECAO INTEGRAL;1939;CR9 FLORIANOPOLIS/SC;169697;MATA ATLANTICA;;;;;;;;
197;0000.00.0267;PARQUE NACIONAL DO JAMANXIM;PARNA;PARQUE;PROTECAO INTEGRAL;2006;CR3 SANTAREM/PA;859807;AMAZONIA;503.8;;1452.70;;1378.10;;;380.1
198;0000.00.0173;PARQUE NACIONAL DO JAU;PARNA;PARQUE;PROTECAO INTEGRAL;1980;CR2 MANAUS/AM;2367357;AMAZONIA;;;;;;;;
199;0000.00.0281;PARQUE NACIONAL DO JURUENA;PARNA;PARQUE;PROTECAO INTEGRAL;2006;CR1 PORTO VELHO/RO;1958014;AMAZONIA;;64.3;;1063.00;;;;
200;0000.00.0182;PARQUE NACIONAL DO MONTE PASCOAL;PARNA;PARQUE;PROTECAO INTEGRAL;1961;CR7 PORTO SEGURO/BA;22332;MATA ATLANTICA;;;124;704;1128.00;386.2;;
201;0000.00.0174;PARQUE NACIONAL DO MONTE RORAIMA;PARNA;PARQUE;PROTECAO INTEGRAL;1989;CR2 MANAUS/AM;116749;AMAZONIA;;;211.6;1360.40;;;;
202;0000.00.0175;PARQUE NACIONAL DO PANTANAL MATO GROSSENSE;PARNA;PARQUE;PROTECAO INTEGRAL;1981;CR10 CUIABA/MT;135923;PANTANAL;;;296;;;;9534.20;673
203;0000.00.0176;PARQUE NACIONAL DO PAU BRASIL;PARNA;PARQUE;PROTECAO INTEGRAL;1999;CR7 PORTO SEGURO/BA;18935;MATA ATLANTICA;;;;;;;;
204;0000.00.0177;PARQUE NACIONAL DO PICO DA NEBLINA;PARNA;PARQUE;PROTECAO INTEGRAL;1979;CR2 MANAUS/AM;2252639;AMAZONIA;;;;;;;;
205;0000.00.0264;PARQUE NACIONAL DO RIO NOVO;PARNA;PARQUE;PROTECAO INTEGRAL;2006;CR3 SANTAREM/PA;538157;AMAZONIA;1858.80;408.7;919.1;530;490.3;628.8;;
206;0000.00.0178;PARQUE NACIONAL DO SUPERAGUI;PARNA;PARQUE;PROTECAO INTEGRAL;1989;CR9 FLORIANOPOLIS/SC;33861;MATA ATLANTICA;;;;;;;;
207;0000.00.0179;PARQUE NACIONAL DO VIRUA;PARNA;PARQUE;PROTECAO INTEGRAL;1998;CR2 MANAUS/AM;214951;AMAZONIA;27780.30;;;80179.00;;;;
208;0000.00.0284;PARQUE NACIONAL DOS CAMPOS AMAZONICOS;PARNA;PARQUE;PROTECAO INTEGRAL;2006;CR1 PORTO VELHO/RO;961327;AMAZONIA;38784.30;26933.80;14611.90;20221.70;4955.00;71153.90;442.7;9336.50
209;0000.00.3519;PARQUE NACIONAL DOS CAMPOS FERRUGINOSOS;PARNA;PARQUE;PROTECAO INTEGRAL;2017;CR4 BELEM/PA;79086;AMAZONIA;1354.40;;7173.10;;;;;
210;0000.00.0277;PARQUE NACIONAL DOS CAMPOS GERAIS;PARNA;PARQUE;PROTECAO INTEGRAL;2006;CR9 FLORIANOPOLIS/SC;21299;MATA ATLANTICA;;;77.5;;;;;
211;0000.00.0180;PARQUE NACIONAL DOS LENCOIS MARANHENSES;PARNA;PARQUE;PROTECAO INTEGRAL;1981;CR5 PARNAIBA/PI;156608;CERRADO;;;;;;;;
212;0000.00.0183;PARQUE NACIONAL GRANDE SERTAO VEREDAS;PARNA;PARQUE;PROTECAO INTEGRAL;1989;CR11 LAGOA SANTA/MG;230856;CERRADO;1191.20;;6232.40;1488.80;8653.80;605.9;2430.80;17043.50
213;0000.00.3137;PARQUE NACIONAL GUARICANA;PARNA;PARQUE;PROTECAO INTEGRAL;2014;CR9 FLORIANOPOLIS/SC;49300;MATA ATLANTICA;;;;;;;;
214;0000.00.1633;PARQUE NACIONAL MAPINGUARI;PARNA;PARQUE;PROTECAO INTEGRAL;2008;CR1 PORTO VELHO/RO;1776929;AMAZONIA;4179.90;2241.40;8530.00;21447.80;14039.00;;1241.60;22460.50
215;0000.00.2874;PARQUE NACIONAL MARINHO DAS ILHAS DOS CURRAIS;PARNA;PARQUE;PROTECAO INTEGRAL;2013;CR9 FLORIANOPOLIS/SC;1360;MARINHO COSTEIRO;;;;;;;;
216;0000.00.0186;PARQUE NACIONAL MARINHO DE FERNANDO DE NORONHA;PARNA;PARQUE;PROTECAO INTEGRAL;1988;CR6 CABEDELO/PB;10928;MARINHO COSTEIRO;;;;;;;;
217;0000.00.0185;PARQUE NACIONAL MARINHO DOS ABROLHOS;PARNA;PARQUE;PROTECAO INTEGRAL;1983;CR7 PORTO SEGURO/BA;87943;MARINHO COSTEIRO;;;;;;;;
218;0000.00.0187;PARQUE NACIONAL MONTANHAS DO TUMUCUMAQUE;PARNA;PARQUE;PROTECAO INTEGRAL;2002;CR4 BELEM/PA;3865172;AMAZONIA;;;;;;;;
219;0000.00.1626;PARQUE NACIONAL NASCENTES DO LAGO JARI;PARNA;PARQUE;PROTECAO INTEGRAL;2008;CR2 MANAUS/AM;812753;AMAZONIA;;;;;;;;
220;0000.00.0189;PARQUE NACIONAL SERRA DA MOCIDADE;PARNA;PARQUE;PROTECAO INTEGRAL;1998;CR2 MANAUS/AM;359944;AMAZONIA;10679.00;;;13025.00;;;;
221;0000.00.0147;PARQUE NACIONAL SERRA DE ITABAIANA;PARNA;PARQUE;PROTECAO INTEGRAL;2005;CR6 CABEDELO/PB;7999;MATA ATLANTICA;;;;;;;549.8;
222;0000.00.0218;RESERVA DE DESENVOLVIMENTO SUSTENTAVEL DE ITATUPA BAQUIA;RDS;RESERVA DE DESENVOLVIMENTO SUSTENTAVEL;USO SUSTENTAVEL;2005;CR4 BELEM/PA;64442;AMAZONIA;;;;;;;;
223;0000.00.3135;RESERVA DE DESENVOLVIMENTO SUSTENTAVEL NASCENTES GERAIZEIRAS;RDS;RESERVA DE DESENVOLVIMENTO SUSTENTAVEL;USO SUSTENTAVEL;2014;CR11 LAGOA SANTA/MG;38177;CERRADO;;;;;259;;;
224;0000.00.0191;RESERVA BIOLOGICA AUGUSTO RUSCHI;REBIO;RESERVA BIOLOGICA;PROTECAO INTEGRAL;1982;CR7 PORTO SEGURO/BA;3562;MATA ATLANTICA;;;;;;;;
225;0000.00.2634;RESERVA BIOLOGICA BOM JESUS;REBIO;RESERVA BIOLOGICA;PROTECAO INTEGRAL;2012;CR9 FLORIANOPOLIS/SC;34179;MATA ATLANTICA;;;;;;;;
226;0000.00.0192;RESERVA BIOLOGICA DA CONTAGEM;REBIO;RESERVA BIOLOGICA;PROTECAO INTEGRAL;2002;CR11 LAGOA SANTA/MG;3426;CERRADO;1004.10;;200.9;603.5;;901.4;263.5;
227;0000.00.0193;RESERVA BIOLOGICA DA MATA ESCURA;REBIO;RESERVA BIOLOGICA;PROTECAO INTEGRAL;2003;CR11 LAGOA SANTA/MG;50873;MATA ATLANTICA;585.8;443.7;;;434.9;1487.60;;
228;0000.00.0276;RESERVA BIOLOGICA DAS ARAUCARIAS;REBIO;RESERVA BIOLOGICA;PROTECAO INTEGRAL;2006;CR9 FLORIANOPOLIS/SC;14930;MATA ATLANTICA;;;;;;;;
229;0000.00.0275;RESERVA BIOLOGICA DAS PEROBAS;REBIO;RESERVA BIOLOGICA;PROTECAO INTEGRAL;2006;CR9 FLORIANOPOLIS/SC;8716;MATA ATLANTICA;;;;;;;;
230;0000.00.0195;RESERVA BIOLOGICA DE COMBOIOS;REBIO;RESERVA BIOLOGICA;PROTECAO INTEGRAL;1984;CR7 PORTO SEGURO/BA;785;MARINHO COSTEIRO;;;;;;;;
231;0000.00.0197;RESERVA BIOLOGICA DE PEDRA TALHADA;REBIO;RESERVA BIOLOGICA;PROTECAO INTEGRAL;1989;CR6 CABEDELO/PB;4382;MATA ATLANTICA;;;;;;;;
232;0000.00.0215;RESERVA BIOLOGICA DE POCO DAS ANTAS;REBIO;RESERVA BIOLOGICA;PROTECAO INTEGRAL;1974;CR8 RIO DE JANEIRO/RJ;5053;MATA ATLANTICA;;;;;502.9;834.2;;
233;0000.00.0198;RESERVA BIOLOGICA DE SALTINHO;REBIO;RESERVA BIOLOGICA;PROTECAO INTEGRAL;1983;CR6 CABEDELO/PB;563;MATA ATLANTICA;;;;;;;;
234;0000.00.0199;RESERVA BIOLOGICA DE SANTA ISABEL;REBIO;RESERVA BIOLOGICA;PROTECAO INTEGRAL;1988;CR6 CABEDELO/PB;5547;MARINHO COSTEIRO;;;;;;;;
235;0000.00.0200;RESERVA BIOLOGICA DE SERRA NEGRA;REBIO;RESERVA BIOLOGICA;PROTECAO INTEGRAL;1982;CR6 CABEDELO/PB;625;CAATINGA;;;;;;;;
236;0000.00.0201;RESERVA BIOLOGICA DE SOORETAMA;REBIO;RESERVA BIOLOGICA;PROTECAO INTEGRAL;1982;CR7 PORTO SEGURO/BA;27859;MATA ATLANTICA;;;;884.1;;;;
237;0000.00.0202;RESERVA BIOLOGICA DE UNA;REBIO;RESERVA BIOLOGICA;PROTECAO INTEGRAL;1980;CR7 PORTO SEGURO/BA;18515;MATA ATLANTICA;;;;;;;;
238;0000.00.0194;RESERVA BIOLOGICA DO ABUFARI;REBIO;RESERVA BIOLOGICA;PROTECAO INTEGRAL;1982;CR2 MANAUS/AM;223867;AMAZONIA;;;;;;;;
239;0000.00.0203;RESERVA BIOLOGICA DO ATOL DAS ROCAS;REBIO;RESERVA BIOLOGICA;PROTECAO INTEGRAL;1979;CR6 CABEDELO/PB;35187;MARINHO COSTEIRO;;;;;;;;
240;0000.00.0204;RESERVA BIOLOGICA DO CORREGO DO VEADO;REBIO;RESERVA BIOLOGICA;PROTECAO INTEGRAL;1982;CR7 PORTO SEGURO/BA;2376;MATA ATLANTICA;;;;;;;;
241;0000.00.0205;RESERVA BIOLOGICA DO CORREGO GRANDE;REBIO;RESERVA BIOLOGICA;PROTECAO INTEGRAL;1989;CR7 PORTO SEGURO/BA;1504;MATA ATLANTICA;;;;;;;;
242;0000.00.0206;RESERVA BIOLOGICA DO GUAPORE;REBIO;RESERVA BIOLOGICA;PROTECAO INTEGRAL;1982;CR1 PORTO VELHO/RO;615776;AMAZONIA;1748.70;18217.70;13826.50;30500.60;8121.60;983.9;6627.40;12034.80
243;0000.00.0207;RESERVA BIOLOGICA DO GURUPI;REBIO;RESERVA BIOLOGICA;PROTECAO INTEGRAL;1988;CR4 BELEM/PA;290254;AMAZONIA;;;266.1;;21184.70;416.2;178.7;
244;0000.00.0208;RESERVA BIOLOGICA DO JARU;REBIO;RESERVA BIOLOGICA;PROTECAO INTEGRAL;1979;CR1 PORTO VELHO/RO;346864;AMAZONIA;;;270;195.6;;521.5;;112.6
245;0000.00.0209;RESERVA BIOLOGICA DO LAGO PIRATUBA;REBIO;RESERVA BIOLOGICA;PROTECAO INTEGRAL;1980;CR4 BELEM/PA;392475;AMAZONIA;;231.4;242.6;;3643.70;5028.30;;14056.80
246;0000.00.3411;RESERVA BIOLOGICA DO MANICORE;REBIO;RESERVA BIOLOGICA;PROTECAO INTEGRAL;2016;CR1 PORTO VELHO/RO;359063;AMAZONIA;;716.7;;;;;;
247;0000.00.0210;RESERVA BIOLOGICA DO RIO TROMBETAS;REBIO;RESERVA BIOLOGICA;PROTECAO INTEGRAL;1979;CR3 SANTAREM/PA;407759;AMAZONIA;;;;;;;;
248;0000.00.0211;RESERVA BIOLOGICA DO TAPIRAPE;REBIO;RESERVA BIOLOGICA;PROTECAO INTEGRAL;1989;CR4 BELEM/PA;99273;AMAZONIA;;;;;;;;
249;0000.00.0212;RESERVA BIOLOGICA DO TINGUA;REBIO;RESERVA BIOLOGICA;PROTECAO INTEGRAL;1989;CR8 RIO DE JANEIRO/RJ;24841;MATA ATLANTICA;;;;;;;;
250;0000.00.0213;RESERVA BIOLOGICA DO UATUMA;REBIO;RESERVA BIOLOGICA;PROTECAO INTEGRAL;1990;CR2 MANAUS/AM;938732;AMAZONIA;;;;;;;;
251;0000.00.0196;RESERVA BIOLOGICA GUARIBAS;REBIO;RESERVA BIOLOGICA;PROTECAO INTEGRAL;1990;CR6 CABEDELO/PB;4052;MATA ATLANTICA;;;;;;;;
252;0000.00.0214;RESERVA BIOLOGICA MARINHA DO ARVOREDO;REBIO;RESERVA BIOLOGICA;PROTECAO INTEGRAL;1990;CR9 FLORIANOPOLIS/SC;17105;MARINHO COSTEIRO;;;;;;;;
253;0000.00.0216;RESERVA BIOLOGICA NASCENTES DA SERRA DO CACHIMBO;REBIO;RESERVA BIOLOGICA;PROTECAO INTEGRAL;2005;CR3 SANTAREM/PA;342196;AMAZONIA;8411.80;2325.50;22049.30;2271.00;2021.40;889;;3892.40
254;0000.00.0217;RESERVA BIOLOGICA UNIAO;REBIO;RESERVA BIOLOGICA;PROTECAO INTEGRAL;1998;CR8 RIO DE JANEIRO/RJ;2923;MATA ATLANTICA;;;;;;;;
255;0000.00.1563;RESERVA EXTRATIVISTA ACAU GOIANA;RESEX;RESERVA EXTRATIVISTA;USO SUSTENTAVEL;2007;CR6 CABEDELO/PB;6677;MATA ATLANTICA;;;;;;;;
256;0000.00.0274;RESERVA EXTRATIVISTA ALTO TARAUACA;RESEX;RESERVA EXTRATIVISTA;USO SUSTENTAVEL;2000;CR1 PORTO VELHO/RO;150924;AMAZONIA;;;;;;;;
257;0000.00.0285;RESERVA EXTRATIVISTA ARAPIXI;RESEX;RESERVA EXTRATIVISTA;USO SUSTENTAVEL;2006;CR1 PORTO VELHO/RO;133712;AMAZONIA;;113.5;;;;;;
258;0000.00.0273;RESERVA EXTRATIVISTA ARIOCA PRUANA;RESEX;RESERVA EXTRATIVISTA;USO SUSTENTAVEL;2005;CR4 BELEM/PA;83817;AMAZONIA;;;;;;;;
259;0000.00.0220;RESERVA EXTRATIVISTA AUATI PARANA;RESEX;RESERVA EXTRATIVISTA;USO SUSTENTAVEL;2001;CR2 MANAUS/AM;146949;AMAZONIA;;;;;;;;
260;0000.00.0221;RESERVA EXTRATIVISTA BARREIRO DAS ANTAS;RESEX;RESERVA EXTRATIVISTA;USO SUSTENTAVEL;2001;CR1 PORTO VELHO/RO;106199;AMAZONIA;;;;;;;;
261;0000.00.1564;RESERVA EXTRATIVISTA CHAPADA LIMPA;RESEX;RESERVA EXTRATIVISTA;USO SUSTENTAVEL;2007;CR5 PARNAIBA/PI;11973;CERRADO;;;91.4;;1911.30;;;2100.00
262;0000.00.0222;RESERVA EXTRATIVISTA CHICO MENDES;RESEX;RESERVA EXTRATIVISTA;USO SUSTENTAVEL;1990;CR1 PORTO VELHO/RO;931543;AMAZONIA;;;288.1;1737.00;;;;
263;0000.00.0223;RESERVA EXTRATIVISTA CHOCOARE MATO GROSSO;RESEX;RESERVA EXTRATIVISTA;USO SUSTENTAVEL;2002;CR4 BELEM/PA;2783;AMAZONIA;;;;;;;;
264;0000.00.0226;RESERVA EXTRATIVISTA DA MATA GRANDE;RESEX;RESERVA EXTRATIVISTA;USO SUSTENTAVEL;1992;CR4 BELEM/PA;11432;CERRADO;;;;;;;;
265;0000.00.0253;RESERVA EXTRATIVISTA DE CANAVIEIRAS;RESEX;RESERVA EXTRATIVISTA;USO SUSTENTAVEL;2006;CR7 PORTO SEGURO/BA;100728;MATA ATLANTICA;;;126.9;;848.7;;;
266;0000.00.1808;RESERVA EXTRATIVISTA DE CASSURUBA;RESEX;RESERVA EXTRATIVISTA;USO SUSTENTAVEL;2009;CR7 PORTO SEGURO/BA;100578;MATA ATLANTICA;;;;;;;;
267;0000.00.0279;RESERVA EXTRATIVISTA DE CURURUPU;RESEX;RESERVA EXTRATIVISTA;USO SUSTENTAVEL;2004;CR4 BELEM/PA;186057;AMAZONIA;;;;;;;;
268;0000.00.0286;RESERVA EXTRATIVISTA DE RECANTO DAS ARARAS DE TERRA RONCA;RESEX;RESERVA EXTRATIVISTA;USO SUSTENTAVEL;2006;CR11 LAGOA SANTA/MG;12349;CERRADO;407.4;5763.30;;1639.30;6630.80;;1628.50;1680.10
269;0000.00.0228;RESERVA EXTRATIVISTA DE SAO JOAO DA PONTA;RESEX;RESERVA EXTRATIVISTA;USO SUSTENTAVEL;2002;CR4 BELEM/PA;3409;AMAZONIA;;;;;;;;
270;0000.00.1517;RESERVA EXTRATIVISTA DO ALTO JURUA;RESEX;RESERVA EXTRATIVISTA;USO SUSTENTAVEL;1990;CR1 PORTO VELHO/RO;537949;AMAZONIA;;;;;;;;
271;0000.00.0230;RESERVA EXTRATIVISTA DO BAIXO JURUA;RESEX;RESERVA EXTRATIVISTA;USO SUSTENTAVEL;2001;CR2 MANAUS/AM;178039;AMAZONIA;;;;;;;;
272;0000.00.0231;RESERVA EXTRATIVISTA DO BATOQUE;RESEX;RESERVA EXTRATIVISTA;USO SUSTENTAVEL;2003;CR6 CABEDELO/PB;601;CAATINGA;;;;;;;;
273;0000.00.0232;RESERVA EXTRATIVISTA DO CAZUMBA IRACEMA;RESEX;RESERVA EXTRATIVISTA;USO SUSTENTAVEL;2002;CR1 PORTO VELHO/RO;750922;AMAZONIA;;;;;;;;
274;0000.00.1519;RESERVA EXTRATIVISTA DO CIRIACO;RESEX;RESERVA EXTRATIVISTA;USO SUSTENTAVEL;1992;CR4 BELEM/PA;8107;AMAZONIA;;;;;;;;
275;0000.00.0240;RESERVA EXTRATIVISTA DO EXTREMO NORTE DO TOCANTINS;RESEX;RESERVA EXTRATIVISTA;USO SUSTENTAVEL;1992;CR4 BELEM/PA;9071;CERRADO;;;111.7;;;;;
276;0000.00.0242;RESERVA EXTRATIVISTA DO LAGO DO CAPANA GRANDE;RESEX;RESERVA EXTRATIVISTA;USO SUSTENTAVEL;2004;CR2 MANAUS/AM;304313;AMAZONIA;;;;186.4;;;;
277;0000.00.0233;RESERVA EXTRATIVISTA DO LAGO DO CUNIA;RESEX;RESERVA EXTRATIVISTA;USO SUSTENTAVEL;1999;CR1 PORTO VELHO/RO;50604;AMAZONIA;;;;;;;;
278;0000.00.0234;RESERVA EXTRATIVISTA DO MANDIRA;RESEX;RESERVA EXTRATIVISTA;USO SUSTENTAVEL;2002;CR8 RIO DE JANEIRO/RJ;1178;MATA ATLANTICA;;;;;;;;
279;0000.00.0235;RESERVA EXTRATIVISTA DO MEDIO JURUA;RESEX;RESERVA EXTRATIVISTA;USO SUSTENTAVEL;1997;CR2 MANAUS/AM;286933;AMAZONIA;;;;;;;;
280;0000.00.1606;RESERVA EXTRATIVISTA DO MEDIO PURUS;RESEX;RESERVA EXTRATIVISTA;USO SUSTENTAVEL;2008;CR1 PORTO VELHO/RO;604236;AMAZONIA;;;;;;;;
281;0000.00.1520;RESERVA EXTRATIVISTA DO QUILOMBO FLEXAL;RESEX;RESERVA EXTRATIVISTA;USO SUSTENTAVEL;1992;CR4 BELEM/PA;9338;AMAZONIA;;;;;;;;
282;0000.00.1518;RESERVA EXTRATIVISTA DO RIO CAJARI;RESEX;RESERVA EXTRATIVISTA;USO SUSTENTAVEL;1990;CR4 BELEM/PA;532405;AMAZONIA;4661.50;3218.50;;19531.70;27080.10;;;
283;0000.00.0238;RESERVA EXTRATIVISTA DO RIO DO CAUTARIO;RESEX;RESERVA EXTRATIVISTA;USO SUSTENTAVEL;2001;CR1 PORTO VELHO/RO;75125;AMAZONIA;;;;;;;;
284;0000.00.0239;RESERVA EXTRATIVISTA DO RIO JUTAI;RESEX;RESERVA EXTRATIVISTA;USO SUSTENTAVEL;2002;CR2 MANAUS/AM;275516;AMAZONIA;;;;;;;;
285;0000.00.0256;RESERVA EXTRATIVISTA DO RIO OURO PRETO;RESEX;RESERVA EXTRATIVISTA;USO SUSTENTAVEL;1990;CR1 PORTO VELHO/RO;204633;AMAZONIA;;;712.1;324;;;;
286;0000.00.0288;RESERVA EXTRATIVISTA GURUPA MELGACO;RESEX;RESERVA EXTRATIVISTA;USO SUSTENTAVEL;2006;CR4 BELEM/PA;145574;AMAZONIA;;;;;;;;
287;0000.00.0241;RESERVA EXTRATIVISTA IPAU ANILZINHO;RESEX;RESERVA EXTRATIVISTA;USO SUSTENTAVEL;2005;CR4 BELEM/PA;55835;AMAZONIA;;;81.3;;;;;
288;0000.00.1628;RESERVA EXTRATIVISTA ITUXI;RESEX;RESERVA EXTRATIVISTA;USO SUSTENTAVEL;2008;CR1 PORTO VELHO/RO;776330;AMAZONIA;;;;;;;;
289;0000.00.0287;RESERVA EXTRATIVISTA LAGO DO CEDRO;RESEX;RESERVA EXTRATIVISTA;USO SUSTENTAVEL;2006;CR10 CUIABA/MT;17404;CERRADO;;;;;;;;
290;0000.00.0243;RESERVA EXTRATIVISTA MAE GRANDE DE CURUCA;RESEX;RESERVA EXTRATIVISTA;USO SUSTENTAVEL;2002;CR4 BELEM/PA;36679;AMAZONIA;;;;;;;;
291;0000.00.0244;RESERVA EXTRATIVISTA MAPUA;RESEX;RESERVA EXTRATIVISTA;USO SUSTENTAVEL;2005;CR4 BELEM/PA;93748;AMAZONIA;;;;;;;;
292;0000.00.0227;RESERVA EXTRATIVISTA MARACANA;RESEX;RESERVA EXTRATIVISTA;USO SUSTENTAVEL;2002;CR4 BELEM/PA;30180;AMAZONIA;;;;;;;;
293;0000.00.0247;RESERVA EXTRATIVISTA MARINHA ARAI PEROBA;RESEX;RESERVA EXTRATIVISTA;USO SUSTENTAVEL;2005;CR4 BELEM/PA;50555;AMAZONIA;;;;;;;;
294;0000.00.0248;RESERVA EXTRATIVISTA MARINHA CAETE TAPERACU;RESEX;RESERVA EXTRATIVISTA;USO SUSTENTAVEL;2005;CR4 BELEM/PA;42490;AMAZONIA;;;;;;;;
295;0000.00.3134;RESERVA EXTRATIVISTA MARINHA CUINARANA;RESEX;RESERVA EXTRATIVISTA;USO SUSTENTAVEL;2014;CR4 BELEM/PA;11037;MARINHO COSTEIRO;;;;;;;;
296;0000.00.0245;RESERVA EXTRATIVISTA MARINHA DA BAIA DE IGUAPE;RESEX;RESERVA EXTRATIVISTA;USO SUSTENTAVEL;2000;CR7 PORTO SEGURO/BA;10083;MARINHO COSTEIRO;;;;;;;;
297;0000.00.0246;RESERVA EXTRATIVISTA MARINHA DA LAGOA DO JEQUIA;RESEX;RESERVA EXTRATIVISTA;USO SUSTENTAVEL;2001;CR6 CABEDELO/PB;10204;MATA ATLANTICA;;;;;;;;
298;0000.00.0249;RESERVA EXTRATIVISTA MARINHA DE GURUPI PIRIA;RESEX;RESERVA EXTRATIVISTA;USO SUSTENTAVEL;2005;CR4 BELEM/PA;72790;AMAZONIA;;;;;;;;
299;0000.00.0254;RESERVA EXTRATIVISTA MARINHA DE SOURE;RESEX;RESERVA EXTRATIVISTA;USO SUSTENTAVEL;2001;CR4 BELEM/PA;29579;AMAZONIA;;;;;;;;
300;0000.00.0251;RESERVA EXTRATIVISTA MARINHA DO ARRAIAL DO CABO;RESEX;RESERVA EXTRATIVISTA;USO SUSTENTAVEL;1997;CR8 RIO DE JANEIRO/RJ;51677;MATA ATLANTICA;;;;;;;;
301;0000.00.0252;RESERVA EXTRATIVISTA MARINHA DO CORUMBAU;RESEX;RESERVA EXTRATIVISTA;USO SUSTENTAVEL;2000;CR7 PORTO SEGURO/BA;89598;MARINHO COSTEIRO;;;;;;;;
302;0000.00.0225;RESERVA EXTRATIVISTA MARINHA DO DELTA DO PARNAIBA;RESEX;RESERVA EXTRATIVISTA;USO SUSTENTAVEL;2000;CR5 PARNAIBA/PI;27022;CERRADO;;;63.6;;;;;
303;0000.00.3133;RESERVA EXTRATIVISTA MARINHA MESTRE LUCINDO;RESEX;RESERVA EXTRATIVISTA;USO SUSTENTAVEL;2014;CR4 BELEM/PA;26465;MARINHO COSTEIRO;;;;;;;;
304;0000.00.3132;RESERVA EXTRATIVISTA MARINHA MOCAPAJUBA;RESEX;RESERVA EXTRATIVISTA;USO SUSTENTAVEL;2014;CR4 BELEM/PA;21029;MARINHO COSTEIRO;;;;;;;;
305;0000.00.0255;RESERVA EXTRATIVISTA MARINHA PIRAJUBAE;RESEX;RESERVA EXTRATIVISTA;USO SUSTENTAVEL;1992;CR9 FLORIANOPOLIS/SC;1712;MARINHO COSTEIRO;;;;;;;;
306;0000.00.0250;RESERVA EXTRATIVISTA MARINHA TRACUATEUA;RESEX;RESERVA EXTRATIVISTA;USO SUSTENTAVEL;2005;CR4 BELEM/PA;27865;AMAZONIA;;;;;;;;
307;0000.00.1809;RESERVA EXTRATIVISTA PRAINHA DO CANTO VERDE;RESEX;RESERVA EXTRATIVISTA;USO SUSTENTAVEL;2009;CR6 CABEDELO/PB;29805;MARINHO COSTEIRO;;;;;;;;
308;0000.00.1810;RESERVA EXTRATIVISTA RENASCER;RESEX;RESERVA EXTRATIVISTA;USO SUSTENTAVEL;2009;CR3 SANTAREM/PA;209667;AMAZONIA;;;;;372.5;;;294.6
309;0000.00.0280;RESERVA EXTRATIVISTA RIO IRIRI;RESEX;RESERVA EXTRATIVISTA;USO SUSTENTAVEL;2006;CR3 SANTAREM/PA;398998;AMAZONIA;;;;;;;;
310;0000.00.0283;RESERVA EXTRATIVISTA RIO UNINI;RESEX;RESERVA EXTRATIVISTA;USO SUSTENTAVEL;2006;CR2 MANAUS/AM;849693;AMAZONIA;;;;;;;;
311;0000.00.1635;RESERVA EXTRATIVISTA RIO XINGU;RESEX;RESERVA EXTRATIVISTA;USO SUSTENTAVEL;2008;CR3 SANTAREM/PA;303005;AMAZONIA;;;;;;;;
312;0000.00.0257;RESERVA EXTRATIVISTA RIOZINHO DA LIBERDADE;RESEX;RESERVA EXTRATIVISTA;USO SUSTENTAVEL;2005;CR1 PORTO VELHO/RO;324906;AMAZONIA;;;;;;;;
313;0000.00.0258;RESERVA EXTRATIVISTA RIOZINHO DO ANFRISIO;RESEX;RESERVA EXTRATIVISTA;USO SUSTENTAVEL;2004;CR3 SANTAREM/PA;736144;AMAZONIA;;;;;;;;
314;0000.00.0259;RESERVA EXTRATIVISTA TAPAJOS ARAPIUNS;RESEX;RESERVA EXTRATIVISTA;USO SUSTENTAVEL;1998;CR3 SANTAREM/PA;677521;AMAZONIA;;;19.9;;;;;
315;0000.00.0282;RESERVA EXTRATIVISTA TERRA GRANDE PRACUUBA;RESEX;RESERVA EXTRATIVISTA;USO SUSTENTAVEL;2006;CR4 BELEM/PA;194870;AMAZONIA;;;;;;;;
316;0000.00.0260;RESERVA EXTRATIVISTA VERDE PARA SEMPRE;RESEX;RESERVA EXTRATIVISTA;USO SUSTENTAVEL;2004;CR3 SANTAREM/PA;1289380;AMAZONIA;;;;22933.50;699;;;1397.40
317;0000.00.0219;REFUGIO DA VIDA SILVESTRE DAS VEREDAS DO OESTE BAIANO;RVS;REFUGIO DE VIDA SILVESTRE;PROTECAO INTEGRAL;2002;CR11 LAGOA SANTA/MG;128051;CERRADO;;321.2;39767.40;4695.40;11236.40;49071.50;2638.90;99.3
318;0000.00.1907;REFUGIO DA VIDA SILVESTRE DE BOA NOVA;RVS;REFUGIO DE VIDA SILVESTRE;PROTECAO INTEGRAL;2010;CR7 PORTO SEGURO/BA;15024;MATA ATLANTICA;76.2;;96.5;;;;;
319;0000.00.1911;REFUGIO DA VIDA SILVESTRE DE SANTA CRUZ;RVS;REFUGIO DE VIDA SILVESTRE;PROTECAO INTEGRAL;2010;CR7 PORTO SEGURO/BA;17710;MARINHO COSTEIRO;;;;;;;;
320;0000.00.1880;REFUGIO DA VIDA SILVESTRE DE UNA;RVS;REFUGIO DE VIDA SILVESTRE;PROTECAO INTEGRAL;2007;CR7 PORTO SEGURO/BA;23424;MATA ATLANTICA;;;;;;;;
321;0000.00.3432;REFUGIO DA VIDA SILVESTRE DO ARQUIPELAGO DE ALCATRAZES;RVS;REFUGIO DE VIDA SILVESTRE;PROTECAO INTEGRAL;2016;CR8 RIO DE JANEIRO/RJ;67364;MARINHO COSTEIRO;;;;;;;;
322;0000.00.1813;REFUGIO DA VIDA SILVESTRE DO RIO DOS FRADES;RVS;REFUGIO DE VIDA SILVESTRE;PROTECAO INTEGRAL;2007;CR7 PORTO SEGURO/BA;899;MATA ATLANTICA;;;;;;;;
323;0000.00.0278;REFUGIO DA VIDA SILVESTRE DOS CAMPOS DE PALMAS;RVS;REFUGIO DE VIDA SILVESTRE;PROTECAO INTEGRAL;2006;CR9 FLORIANOPOLIS/SC;16594;MATA ATLANTICA;;;109.5;3249.50;;;;
324;0000.00.0190;REFUGIO DA VIDA SILVESTRE ILHA DOS LOBOS;RVS;REFUGIO DE VIDA SILVESTRE;PROTECAO INTEGRAL;2005;CR9 FLORIANOPOLIS/SC;142;MARINHO COSTEIRO;;;;;;;;
