;codigo_da_uc;nome_da_uc;grupo;criacao;area_geo;bioma;2020;2019;2018;2017;2016;2015;2014;2013;2012;2011;2010;2009;2008;2007;2006;2005;2004;2003;2002;2001;2000;acum 1997
0;0000.00.0020;AREA DE PROTECAO AMBIENTAL CARSTE DA LAGOA SANTA;USO SUSTENTAVEL;1990;39957;CERRADO;10.1378;5.2;1.7;55.1;5.4;28.4;180.7;160.7;66.6;66.6;30.6;30.6;218.7;218.7;293.4;293.4;390.7;390.7;333.1;333.1;24379.8;
1;0000.00.0002;AREA DE PROTECAO AMBIENTAL CAVERNAS DO PERUACU;USO SUSTENTAVEL;1989;143356;CERRADO;25.9009;8.7;27.0;90.3;15.5;95.8;174.5;496.1;562.0;562.0;522.1;522.1;127.9;127.9;1455.2;1455.2;1442.0;1442.0;824.0;824.0;7048.6;
2;0000.00.0003;AREA DE PROTECAO AMBIENTAL DA BACIA DO RIO DESCOBERTO;USO SUSTENTAVEL;1983;41784;CERRADO;16.9189;6.1;34.8;47.3;27.5;15.1;242.1;44.5;28.7;28.7;40.8;40.8;60.7;60.7;133.1;133.1;424.5;424.5;35.2;35.2;24411.4;
3;0000.00.0004;AREA DE PROTECAO AMBIENTAL DA BACIA DO RIO SAO BARTOLOMEU;USO SUSTENTAVEL;1983;82681;CERRADO;75.1749;80.5;185.9;65.2;32.9;100.7;291.7;336.4;129.9;129.9;562.1;562.1;114.4;114.4;521.3;521.3;1970.2;1970.2;110.9;110.9;40247.2;
4;0000.00.0028;AREA DE PROTECAO AMBIENTAL DAS NASCENTES DO RIO VERMELHO;USO SUSTENTAVEL;2001;176324;CERRADO;904.0274;2028.6;1403.0;878.2;767.8;882.2;1316.0;999.9;1202.9;1202.9;1195.9;1195.9;1384.5;1384.5;1268.6;1268.6;5743.6;5743.6;903.9;903.9;14315.6;
5;0000.00.0019;AREA DE PROTECAO AMBIENTAL DELTA DO PARNAIBA;USO SUSTENTAVEL;1996;307595;MARINHO-COSTEIRO;549.8499;639.2;894.0;502.1;527.8;660.8;1201.1;581.7;573.4;573.4;568.8;568.8;1730.6;1730.6;997.1;997.1;2091.4;2091.4;1186.1;1186.1;4751.2;
6;0000.00.0022;AREA DE PROTECAO AMBIENTAL DO IGARAPE GELADO;USO SUSTENTAVEL;1989;23285;AMAZONIA;23.7543;9.8;;;0.1;;;9.9;;;10.9;;123.1;79.6;66.1;186.7;230.8;81.4;202.7;87.1;1326.3;6436.6
7;0000.00.0023;AREA DE PROTECAO AMBIENTAL DO PLANALTO CENTRAL;USO SUSTENTAVEL;2002;503423;CERRADO;579.7564;185.0;634.1;521.3;324.2;513.3;1673.2;2194.2;599.9;599.9;667.6;667.6;896.7;896.7;2694.5;2694.5;8093.5;8093.5;1198.0;1198.0;199766.9;
8;0000.00.0268;AREA DE PROTECAO AMBIENTAL DO TAPAJOS;USO SUSTENTAVEL;2006;2040331;AMAZONIA;6963.785;6552.0;3994.8;3229.7;3144.0;3437.9;2843.1;3170.2;2267.6;1356.1;854.3;1530.0;1668.0;1805.3;669.8;1625.2;5051.8;6397.5;1193.5;1346.6;5876.4;44665.9
9;0000.00.3407;AREA DE PROTECAO AMBIENTAL DOS CAMPOS DE MANICORE;USO SUSTENTAVEL;2016;151993;AMAZONIA;;40.5;11.2;26.8;11.6;;;;;;;;;;;;;;;;;
10;0000.00.0024;AREA DE PROTECAO AMBIENTAL MEANDROS DO ARAGUAIA;USO SUSTENTAVEL;1998;359194;CERRADO;444.189;238.5;124.0;7.0;7.9;2.5;;1.2;10.6;69.9;55.8;;21.5;72.2;7.0;150.0;;8.0;;;17.5;1324.5
11;0000.00.0027;AREA DE PROTECAO AMBIENTAL MORRO DA PEDREIRA;USO SUSTENTAVEL;1990;131771;CERRADO;79.1814;66.1;3.3;485.0;27.0;291.9;1905.1;499.9;279.1;279.1;179.9;179.9;476.6;476.6;453.3;453.3;1783.4;1783.4;78.8;78.8;2925.9;
12;0000.00.0029;AREA DE PROTECAO AMBIENTAL SERRA DA IBIAPABA;USO SUSTENTAVEL;1996;1628450;CAATINGA;85.4553;22.3;98.4;19.1;49.5;51.0;303.0;66.1;24.5;24.5;18.1;18.1;41.7;41.7;182.4;182.4;51.6;51.6;42.0;42.0;503.6;
13;0000.00.0012;AREA DE PROTECAO AMBIENTAL SERRA DA TABATINGA;USO SUSTENTAVEL;1990;35186;CERRADO;368.4614;1115.9;2518.4;432.0;14.9;411.0;1466.7;671.3;1351.8;1351.8;945.4;945.4;3084.5;3084.5;873.0;873.0;1726.1;1726.1;1247.3;1247.3;9970.4;
14;0000.00.0031;AREA DE RELEVANTE INTERESSE ECOLOGICO CAPETINGA-TAQUARA;USO SUSTENTAVEL;1985;2057;CERRADO;;;;;;0.3;;0.1;;;;;;;;;6.1;6.1;;;34.8;
15;0000.00.0032;AREA DE RELEVANTE INTERESSE ECOLOGICO CERRADO PE-DE-GIGANTE;USO SUSTENTAVEL;1990;1199;MATA ATLANTICA;;;;;;;;;;;;;;;;;;;;;21.4;
16;0000.00.0041;AREA DE RELEVANTE INTERESSE ECOLOGICO MATAO DE COSMOPOLIS;USO SUSTENTAVEL;1985;229;CERRADO;;;;;;;;;;;;;;;0.9;0.9;;;0.1;0.1;12.1;
17;0000.00.0043;AREA DE RELEVANTE INTERESSE ECOLOGICO PROJETO DINAMICA BIOLOGICA DE FRAGMENTOS FLORESTAIS;USO SUSTENTAVEL;1985;3180;AMAZONIA;;;;;;;;;;;;;;;;;;;;;;669.7
18;0000.00.0044;AREA DE RELEVANTE INTERESSE ECOLOGICO SERINGAL NOVA ESPERANCA;USO SUSTENTAVEL;1999;2574;AMAZONIA;57.7805;70.9;55.3;61.1;78.4;89.4;137.0;31.4;236.0;38.6;28.4;30.1;13.8;0.0;;24.9;31.0;63.3;25.7;4.4;89.0;267.6
19;0000.00.0075;ESTACAO ECOLOGICA DA SERRA DAS ARARAS;PROTECAO INTEGRAL;1982;27160;CERRADO;48.891;;;;;;;;;;;;;1.0;1.0;3.1;3.1;6.0;6.0;;;413.3
20;0000.00.0047;ESTACAO ECOLOGICA DA TERRA DO MEIO;PROTECAO INTEGRAL;2005;3373175;AMAZONIA;1512.6568;3287.5;1276.3;1145.5;853.3;307.2;124.6;57.5;406.8;63.3;501.9;237.3;350.1;2317.2;1390.7;6043.4;15180.8;8005.1;5892.8;2318.2;111.0;3145.5
21;0000.00.0051;ESTACAO ECOLOGICA DE CARACARAI;PROTECAO INTEGRAL;1982;86795;AMAZONIA;;;;6.3;34.8;;32.5;;;;23.7;6.4;;;;;10.1;63.0;;409.3;896.1;185.7
22;0000.00.0053;ESTACAO ECOLOGICA DE CUNIA;PROTECAO INTEGRAL;2001;185314;AMAZONIA;;1.7;;7.2;8.6;;;16.7;50.3;14.3;;;7.3;22.2;158.9;6.0;26.7;4.7;11.9;27.4;7.1;21.5
23;0000.00.0055;ESTACAO ECOLOGICA DE IQUE;PROTECAO INTEGRAL;1981;215971;CERRADO;;;;;;;;23.8;;;9.9;17.9;16.4;80.6;17.2;;54.6;22.9;;22.0;0.7;2619.5
24;0000.00.0056;ESTACAO ECOLOGICA DE JUTAI-SOLIMOES;PROTECAO INTEGRAL;1983;289514;AMAZONIA;8.8837;;;;;;;;;;;;6.3;;;2.4;6.5;59.3;14.8;9.3;32.0;916.6
25;0000.00.0057;ESTACAO ECOLOGICA DE MARACA;PROTECAO INTEGRAL;1981;103520;AMAZONIA;;;;;;;;;;;16.2;;;;;2.6;4.0;;;1578.3;;895.0
26;0000.00.0058;ESTACAO ECOLOGICA DE MARACA JIPIOCA;PROTECAO INTEGRAL;1981;60253;AMAZONIA;;;;;;;;;;;;;;;;;;618.4;;;;313.6
27;0000.00.0065;ESTACAO ECOLOGICA DE URUCUI-UNA;PROTECAO INTEGRAL;1981;135122;CERRADO;1.5054;0.1;0.1;1.2;;2380.9;5.7;43.7;548.3;548.3;;;;;;;16.8;16.8;24.9;24.9;1414.9;
28;0000.00.0067;ESTACAO ECOLOGICA DO JARI;PROTECAO INTEGRAL;1982;231082;AMAZONIA;;;;;;;;;;;;;;;;21.3;;;6.5;;;405.5
29;0000.00.0072;ESTACAO ECOLOGICA JUAMI-JAPURA;PROTECAO INTEGRAL;1985;831532;AMAZONIA;14.4349;;;;;;;;;45.3;;;;;;;;;;;;
30;0000.00.0060;ESTACAO ECOLOGICA NIQUIA;PROTECAO INTEGRAL;1985;284791;AMAZONIA;;;;;;;;;;;;;;;;;;11.5;;3.5;;11.2
31;0000.00.0076;ESTACAO ECOLOGICA SERRA GERAL DO TOCANTINS;PROTECAO INTEGRAL;2001;707088;CERRADO;16.9469;0.1;;;5.5;15.3;115.3;29.5;5.2;5.2;3.3;3.3;144.6;144.6;0.9;0.9;58.5;58.5;237.8;237.8;1045.8;
32;0000.00.0128;FLORESTA NACIONAL DA MATA GRANDE;USO SUSTENTAVEL;2003;2010;CERRADO;;2.4;;;;;;;;;;;2.6;2.6;6.1;6.1;1.0;1.0;2.8;2.8;17.3;
33;0000.00.0083;FLORESTA NACIONAL DE ALTAMIRA;USO SUSTENTAVEL;1998;724974;AMAZONIA;5851.3377;2091.6;950.8;114.0;685.2;37.4;2612.3;2469.6;5064.3;1292.8;264.8;1498.9;878.5;136.2;120.2;860.0;546.2;280.8;13.3;24.1;13.3;76.9
34;0000.00.0084;FLORESTA NACIONAL DE ANAUA;USO SUSTENTAVEL;2005;259403;AMAZONIA;;9.3;;;;;;;;;;;;;;;;24.2;;0.7;;
35;0000.00.0085;FLORESTA NACIONAL DE BALATA-TUFARI;USO SUSTENTAVEL;2005;1079678;AMAZONIA;50.4872;25.0;19.2;14.8;32.6;7.0;48.0;15.0;17.4;46.8;41.8;109.1;32.5;45.9;70.8;99.3;49.9;2321.3;65.1;40.0;132.4;1707.0
36;0000.00.0086;FLORESTA NACIONAL DE BRASILIA;USO SUSTENTAVEL;1999;9336;CERRADO;;;4.7;;;;1.2;;;;;;;;;;78.9;78.9;0.6;0.6;7585.1;
37;0000.00.0079;FLORESTA NACIONAL DE CAPAO BONITO;USO SUSTENTAVEL;1968;4758;CERRADO;;;;;;0.1;;4.4;;;;;;;0.9;0.9;;;3.6;3.6;3574.5;
38;0000.00.0088;FLORESTA NACIONAL DE CARAJAS;USO SUSTENTAVEL;1998;392730;AMAZONIA;118.0072;145.3;62.6;37.6;73.6;137.6;108.5;19.9;142.5;31.9;58.5;189.8;259.1;85.5;55.9;266.6;68.4;99.2;8.6;56.6;897.9;4024.3
39;0000.00.0089;FLORESTA NACIONAL DE CAXIUANA;USO SUSTENTAVEL;1961;317951;AMAZONIA;107.5979;130.3;77.5;36.6;17.8;;25.8;8.2;26.6;40.7;18.3;;24.2;6.4;;3.4;9.7;132.1;70.2;700.1;;421.0
40;0000.00.0090;FLORESTA NACIONAL DE CRISTOPOLIS;USO SUSTENTAVEL;2001;12841;CERRADO;;42.7;243.9;5.1;25.5;11.6;3.6;3.8;118.7;118.7;75.6;75.6;335.7;335.7;231.1;231.1;719.2;719.2;68.4;68.4;4729.8;
41;0000.00.0092;FLORESTA NACIONAL DE HUMAITA;USO SUSTENTAVEL;1998;473159;AMAZONIA;;31.7;;;;;;;;12.5;7.2;;0.4;;;8.7;6.5;15.5;0.7;22.9;24.4;542.4
42;0000.00.0095;FLORESTA NACIONAL DE ITAITUBA I;USO SUSTENTAVEL;1998;212892;AMAZONIA;114.8293;134.8;9.0;40.1;46.6;34.1;;36.3;0.6;;;;;10.7;;;15.9;36.2;32.3;11.9;78.3;424.2
43;0000.00.0096;FLORESTA NACIONAL DE ITAITUBA II;USO SUSTENTAVEL;1998;397756;AMAZONIA;1325.6283;1177.5;1512.8;991.9;394.4;284.1;281.4;416.1;818.4;444.4;167.0;165.3;497.7;490.2;497.4;547.5;935.6;412.3;192.9;90.1;235.6;1105.4
44;0000.00.0097;FLORESTA NACIONAL DE JACUNDA;USO SUSTENTAVEL;2004;221220;AMAZONIA;111.1018;96.4;0.9;;16.7;;5.9;;;17.2;;;140.5;246.6;165.3;1371.6;563.8;567.1;200.7;23.8;3.7;174.4
45;0000.00.0099;FLORESTA NACIONAL DE MULATA;USO SUSTENTAVEL;2001;216604;AMAZONIA;13.6311;29.6;;0.4;2.4;;9.4;0.7;7.8;22.0;12.3;;71.9;;9.0;36.3;;13.4;5.6;;84.1;
46;0000.00.0103;FLORESTA NACIONAL DE PARAOPEBA;USO SUSTENTAVEL;2001;203;CERRADO;;;;;;;0.1;;;;;;;;;;2.3;2.3;;;30.8;
47;0000.00.0104;FLORESTA NACIONAL DE PAU-ROSA;USO SUSTENTAVEL;2001;988187;AMAZONIA;;6.3;;12.8;;;6.4;1.4;;27.2;53.3;17.1;58.4;19.1;18.4;32.6;38.5;71.0;150.8;20.2;528.5;2849.7
48;0000.00.0106;FLORESTA NACIONAL DE RORAIMA;USO SUSTENTAVEL;1989;167332;AMAZONIA;232.2221;;;;143.7;10.0;50.8;193.3;26.4;168.6;216.7;46.5;268.4;;;53.6;15.1;178.2;;640.0;45.0;54.1
49;0000.00.0107;FLORESTA NACIONAL DE SANTA ROSA DO PURUS;USO SUSTENTAVEL;2001;231557;AMAZONIA;60.8715;69.7;22.4;37.0;9.4;;59.9;0.3;85.2;92.2;159.7;20.1;79.5;69.8;111.6;80.2;61.9;105.5;88.2;92.1;608.3;1752.5
50;0000.00.0108;FLORESTA NACIONAL DE SAO FRANCISCO;USO SUSTENTAVEL;2001;21148;AMAZONIA;;;;;;;;;;;;;;;;21.0;;34.0;;8.3;;53.9
51;0000.00.0109;FLORESTA NACIONAL DE SARACA-TAQUERA;USO SUSTENTAVEL;1989;441288;AMAZONIA;527.9627;447.8;330.9;314.4;378.1;498.5;473.6;326.6;246.3;406.0;595.3;436.0;347.6;337.1;425.2;581.7;428.8;555.2;875.0;1386.8;1113.6;8180.8
52;0000.00.0110;FLORESTA NACIONAL DE SILVANIA;USO SUSTENTAVEL;2001;487;CERRADO;;;;;;;;;;;;;;;;;;;;;7.0;
53;0000.00.0112;FLORESTA NACIONAL DE TEFE;USO SUSTENTAVEL;1989;865127;AMAZONIA;383.0479;183.2;297.4;264.7;292.2;56.2;570.0;55.5;3.4;130.8;641.4;297.9;588.1;215.4;193.3;406.8;102.2;358.8;940.7;262.1;820.0;5463.7
54;0000.00.3408;FLORESTA NACIONAL DE URUPADI;USO SUSTENTAVEL;2016;537228;AMAZONIA;137.9522;107.5;155.2;77.8;23.2;54.8;;;;;;;;;;;;;;;;
55;0000.00.0271;FLORESTA NACIONAL DO AMANA;USO SUSTENTAVEL;2006;680843;AMAZONIA;868.7378;906.9;780.1;594.0;453.5;215.3;297.2;91.9;247.7;154.7;63.3;242.4;28.9;26.4;103.9;186.5;63.4;116.7;99.2;148.4;21.6;2.7
56;0000.00.0113;FLORESTA NACIONAL DO AMAPA;USO SUSTENTAVEL;1989;460359;AMAZONIA;;;;;;;;;;;18.5;;7.3;;14.4;;26.8;;;148.4;;614.5
57;0000.00.0114;FLORESTA NACIONAL DO AMAZONAS;USO SUSTENTAVEL;1989;1944230;AMAZONIA;30.3447;648.0;15.5;7.2;29.9;31.3;12.6;;33.1;8.0;13.3;;58.7;;39.4;4.1;95.0;14.6;54.4;743.8;96.2;1285.8
58;0000.00.3409;FLORESTA NACIONAL DO ARIPUANA;USO SUSTENTAVEL;2016;751295;AMAZONIA;93.2029;735.6;208.0;197.5;38.2;31.1;;;;;;;;;;;;;;;;
59;0000.00.0116;FLORESTA NACIONAL DO BOM FUTURO;USO SUSTENTAVEL;1988;97385;AMAZONIA;1127.6286;881.9;170.0;594.6;117.6;95.9;141.3;435.4;108.9;219.8;157.8;252.7;714.7;2900.9;1645.2;1515.0;2325.9;784.1;910.2;88.4;713.9;314.9
60;0000.00.0270;FLORESTA NACIONAL DO CREPORI;USO SUSTENTAVEL;2006;740396;AMAZONIA;298.5623;328.5;209.7;218.2;163.3;73.9;11.2;8.4;7.1;16.1;34.3;72.2;30.5;50.9;132.9;;277.6;280.0;108.9;52.8;131.7;1560.2
61;0000.00.1612;FLORESTA NACIONAL DO IQUIRI;USO SUSTENTAVEL;2008;1472610;AMAZONIA;43.8706;101.3;61.4;22.3;48.6;77.9;14.1;139.2;61.6;308.0;53.0;282.2;565.6;873.4;2804.1;501.4;811.8;282.0;59.2;19.9;802.1;1672.6
62;0000.00.0117;FLORESTA NACIONAL DO ITACAIUNAS;USO SUSTENTAVEL;1998;136701;AMAZONIA;113.9035;52.8;35.7;50.3;53.7;17.8;7.0;30.4;14.9;6.3;21.3;193.4;656.4;764.3;942.2;992.3;1212.3;2854.3;3142.1;1567.7;3392.6;4005.6
63;0000.00.0266;FLORESTA NACIONAL DO JAMANXIM;USO SUSTENTAVEL;2006;1301697;AMAZONIA;12198.5857;10073.3;7289.5;2509.7;7305.8;9250.4;4922.5;6462.4;2975.9;1301.3;1186.7;10293.5;7400.0;14019.0;7374.5;8703.5;31238.6;8251.2;15597.8;3674.0;4422.4;10524.2
64;0000.00.0118;FLORESTA NACIONAL DO JAMARI;USO SUSTENTAVEL;1984;222116;AMAZONIA;69.8287;59.9;49.4;15.2;;;0.0;;;;11.0;17.7;111.3;0.4;115.5;136.9;161.0;45.1;108.8;116.8;306.6;6264.5
65;0000.00.0119;FLORESTA NACIONAL DO JATUARANA;USO SUSTENTAVEL;2002;569428;AMAZONIA;6.9866;3.9;;;;;;;;;;1.6;;9.4;168.8;837.1;142.9;11.2;;15.5;;82.7
66;0000.00.0120;FLORESTA NACIONAL DO MACAUA;USO SUSTENTAVEL;1988;176347;AMAZONIA;;;;12.8;;18.0;;;;11.9;;;;;;16.4;1.1;75.6;;;24.0;93.0
67;0000.00.0121;FLORESTA NACIONAL DO PURUS;USO SUSTENTAVEL;1988;256123;AMAZONIA;69.0519;34.9;66.0;42.9;7.7;24.1;58.7;21.2;6.8;18.9;6.9;50.0;6.5;;;44.2;84.2;405.9;123.0;84.0;136.2;1251.6
68;0000.00.0123;FLORESTA NACIONAL DO TAPAJOS;USO SUSTENTAVEL;1974;530621;AMAZONIA;5.6694;12.9;13.0;10.4;12.8;18.5;18.3;15.4;6.8;38.3;109.2;115.3;102.2;248.2;76.6;64.4;183.1;53.7;271.5;356.7;2879.4;21596.4
69;0000.00.0124;FLORESTA NACIONAL DO TAPIRAPE-AQUIRI;USO SUSTENTAVEL;1989;196506;AMAZONIA;176.227;324.2;158.2;176.8;132.4;190.1;126.8;100.3;6.3;51.8;91.0;784.8;308.3;0.3;22.8;4.5;9.9;35.3;13.7;0.4;153.4;447.0
70;0000.00.0265;FLORESTA NACIONAL DO TRAIRAO;USO SUSTENTAVEL;2006;257529;AMAZONIA;203.0316;384.2;7.0;88.8;;7.3;62.9;29.8;;36.1;;120.8;151.0;589.1;182.0;483.4;841.2;255.8;148.7;181.7;;114.8
71;0000.00.0126;FLORESTA NACIONAL MAPIA-INAUINI;USO SUSTENTAVEL;1989;368950;AMAZONIA;37.6104;21.7;16.4;6.8;;;;;;;;;;6.5;;1.5;26.8;63.2;17.3;6.8;58.6;346.4
72;0000.00.0136;PARQUE NACIONAL DA AMAZONIA;PROTECAO INTEGRAL;1974;1066208;AMAZONIA;71.3364;23.6;27.5;48.1;111.1;19.9;132.7;112.7;54.5;106.8;91.8;196.6;215.5;265.7;131.0;147.6;642.4;587.0;414.2;223.4;596.3;0.6
73;0000.00.0272;PARQUE NACIONAL DA CHAPADA DAS MESAS;PROTECAO INTEGRAL;2005;159954;CERRADO;174.264;35.9;21.1;83.9;165.6;146.1;153.3;159.8;169.7;169.7;48.5;48.5;43.9;43.9;276.9;276.9;420.7;420.7;79.6;79.6;1244.0;
74;0000.00.0138;PARQUE NACIONAL DA CHAPADA DOS GUIMARAES;PROTECAO INTEGRAL;1989;32647;CERRADO;;6.4;;;;2.8;0.0;11.3;3.2;3.2;5.1;5.1;1774.9;1774.9;6.7;6.7;20.7;20.7;32.8;32.8;1525.8;3522.8
75;0000.00.0139;PARQUE NACIONAL DA CHAPADA DOS VEADEIROS;PROTECAO INTEGRAL;1961;64796;CERRADO;25.7758;64.9;5.4;62.9;5.0;23.2;38.3;24.5;55.6;55.6;312.4;312.4;59.5;59.5;269.7;269.7;304.3;304.3;208.9;208.9;381.3;
76;0000.00.0143;PARQUE NACIONAL DA SERRA DA BODOQUENA;PROTECAO INTEGRAL;2000;77022;CERRADO;;52.9;;2.8;;48.7;27.4;62.7;8.9;8.9;9.7;9.7;3.3;3.3;21.6;21.6;97.2;97.2;337.2;337.2;2837.6;
77;0000.00.0144;PARQUE NACIONAL DA SERRA DA CANASTRA;PROTECAO INTEGRAL;1972;197812;CERRADO;179.6078;50.0;35.6;55.5;21.6;76.4;171.4;333.0;462.8;462.8;114.8;114.8;434.6;434.6;329.5;329.5;520.7;520.7;542.9;542.9;20563.3;
78;0000.00.0188;PARQUE NACIONAL DA SERRA DA CUTIA;PROTECAO INTEGRAL;2001;283503;AMAZONIA;;;;;;;;95.2;;;;;7.4;;;;;;;7.2;;178.1
79;0000.00.0146;PARQUE NACIONAL DA SERRA DAS CONFUSOES;PROTECAO INTEGRAL;1998;823855;CAATINGA;18.943;5.8;26.0;8.5;;26.0;9.1;91.5;89.2;89.2;32.9;32.9;8.1;8.1;132.5;132.5;53.0;53.0;419.4;419.4;1168.8;
80;0000.00.0148;PARQUE NACIONAL DA SERRA DO CIPO;PROTECAO INTEGRAL;1984;31640;CERRADO;;;;;;;;;;;;;;;;;13.1;13.1;;;;
81;0000.00.0149;PARQUE NACIONAL DA SERRA DO DIVISOR;PROTECAO INTEGRAL;1989;837560;AMAZONIA;407.2813;161.3;61.2;35.9;100.1;14.5;134.4;71.4;45.9;582.3;502.3;68.1;290.2;84.1;39.9;420.9;512.8;686.0;761.2;667.1;1882.8;9920.1
82;0000.00.0151;PARQUE NACIONAL DA SERRA DO PARDO;PROTECAO INTEGRAL;2005;445413;AMAZONIA;72.4065;61.4;59.5;17.5;1.5;;;;18.6;23.5;147.5;73.4;147.3;756.6;690.0;1515.7;9292.4;3848.6;5189.1;3567.3;77.3;159.9
83;0000.00.0155;PARQUE NACIONAL DAS EMAS;PROTECAO INTEGRAL;1961;132643;CERRADO;;4.1;;;;;;;;;;;;;2.5;2.5;;;;;215.6;
84;0000.00.0156;PARQUE NACIONAL DAS NASCENTES DO RIO PARNAIBA;PROTECAO INTEGRAL;2002;724334;CERRADO;147.9934;36.6;374.5;12.5;15.8;206.0;578.4;1081.6;742.0;742.0;60.5;60.5;100.4;100.4;119.8;119.8;18.6;18.6;37.8;37.8;1991.4;
85;0000.00.0157;PARQUE NACIONAL DAS SEMPRE-VIVAS;PROTECAO INTEGRAL;2002;124156;CERRADO;3.2483;;3.1;;14.5;53.9;16.9;91.9;;;0.2;0.2;21.4;21.4;9.2;9.2;67.7;67.7;136.1;136.1;927.1;
86;0000.00.0049;PARQUE NACIONAL DE ANAVILHANAS;PROTECAO INTEGRAL;1981;340835;AMAZONIA;;;;;;;;;;;31.0;;;;;;4.8;;4.7;73.8;0.6;845.9
87;0000.00.0159;PARQUE NACIONAL DE BRASILIA;PROTECAO INTEGRAL;1961;42356;CERRADO;;;6.6;0.7;;0.9;16.6;165.2;0.1;0.1;7.2;7.2;14.4;14.4;11.1;11.1;344.1;344.1;13.0;13.0;1147.9;
88;0000.00.0163;PARQUE NACIONAL DE PACAAS NOVOS;PROTECAO INTEGRAL;1979;708670;AMAZONIA;50.7242;389.9;27.5;290.8;16.7;;;;;;;7.1;15.4;26.4;;11.0;70.1;76.6;62.7;124.7;232.4;210.5
89;0000.00.3410;PARQUE NACIONAL DO ACARI;PROTECAO INTEGRAL;2016;896407;AMAZONIA;193.3631;3.8;7.3;14.1;;;;;;;;;;;;;;;;;;
90;0000.00.0168;PARQUE NACIONAL DO ARAGUAIA;PROTECAO INTEGRAL;1959;555524;CERRADO;79.9888;;;;;;117.2;589.7;576.3;53.4;13.7;18.4;78.3;;;496.1;0.7;;40.3;2.4;63.0;1139.9
91;0000.00.0169;PARQUE NACIONAL DO CABO ORANGE;PROTECAO INTEGRAL;1980;657328;AMAZONIA;;;;;;;47.1;10.7;;;23.5;42.9;46.5;7.4;;415.0;9.4;;;213.9;;
92;0000.00.0267;PARQUE NACIONAL DO JAMANXIM;PROTECAO INTEGRAL;2006;859807;AMAZONIA;867.9442;622.2;281.9;20.4;236.6;595.6;203.6;518.7;179.6;101.1;180.1;299.2;1146.8;664.8;610.3;1766.1;1822.0;743.4;633.7;380.3;971.5;6449.8
93;0000.00.0173;PARQUE NACIONAL DO JAU;PROTECAO INTEGRAL;1980;2367357;AMAZONIA;29.1181;33.1;17.5;12.5;16.3;;27.9;37.0;21.9;11.5;83.5;17.9;33.5;51.5;6.9;6.1;82.1;136.3;30.6;42.5;2129.5;1136.4
94;0000.00.0281;PARQUE NACIONAL DO JURUENA;PROTECAO INTEGRAL;2006;1958014;AMAZONIA;38.138;48.9;10.1;10.9;7.6;5.4;;34.9;7.2;36.1;7.8;;66.4;548.4;504.6;639.8;16.2;58.5;406.1;23.4;54.4;181.2
95;0000.00.0174;PARQUE NACIONAL DO MONTE RORAIMA;PROTECAO INTEGRAL;1989;116749;AMAZONIA;4.4636;35.0;;;;;6.6;;;;10.2;;;11.0;75.9;5.2;94.5;;;;;
96;0000.00.0177;PARQUE NACIONAL DO PICO DA NEBLINA;PROTECAO INTEGRAL;1979;2252639;AMAZONIA;7.0594;84.8;8.8;28.0;16.1;9.7;6.6;20.6;25.2;37.9;396.5;;101.3;30.8;15.8;39.2;11.5;231.3;96.3;668.5;418.9;4504.5
97;0000.00.0264;PARQUE NACIONAL DO RIO NOVO;PROTECAO INTEGRAL;2006;538157;AMAZONIA;99.114;106.3;130.4;482.3;293.3;101.8;75.0;64.1;11.4;75.7;126.4;9.4;468.7;123.3;255.6;532.1;2351.2;1685.7;2130.5;72.4;477.7;337.6
98;0000.00.0179;PARQUE NACIONAL DO VIRUA;PROTECAO INTEGRAL;1998;214951;AMAZONIA;;;;;;;;;;;;;;;;;;2.2;;8.3;0.7;
99;0000.00.3519;PARQUE NACIONAL DOS CAMPOS FERRUGINOSOS;PROTECAO INTEGRAL;2017;79086;AMAZONIA;;197.0;26.8;13.2;105.1;;;;;;;;;;;;;;;;;
100;0000.00.0284;PARQUE NACIONAL DOS CAMPOS AMAZONICOS;PROTECAO INTEGRAL;2006;961327;AMAZONIA;513.9875;;37.8;28.0;1.1;36.2;;190.4;48.6;13.0;10.2;77.6;272.9;288.6;157.3;200.4;302.5;555.0;33.2;16.0;11.5;57.5
101;0000.00.0180;PARQUE NACIONAL DOS LENCOIS MARANHENSES;PROTECAO INTEGRAL;1981;156608;CERRADO;20.9576;67.3;48.4;1.5;23.1;25.7;160.8;15.5;24.8;24.8;79.6;79.6;117.9;117.9;324.2;324.2;159.0;159.0;11.3;11.3;461.8;
102;0000.00.0183;PARQUE NACIONAL GRANDE SERTAO VEREDAS;PROTECAO INTEGRAL;1989;230856;CERRADO;;19.9;0.5;0.3;12.9;6.1;44.1;7.3;6.6;6.6;37.7;37.7;44.2;44.2;39.5;39.5;541.1;541.1;189.4;189.4;382.6;
103;0000.00.1633;PARQUE NACIONAL MAPINGUARI;PROTECAO INTEGRAL;2008;1776929;AMAZONIA;245.1852;78.1;18.4;338.3;47.9;41.0;50.1;290.9;1024.3;370.8;130.8;74.8;1174.0;1854.4;1993.3;1314.1;439.0;542.9;36.4;55.1;56.1;922.2
104;0000.00.0187;PARQUE NACIONAL MONTANHAS DO TUMUCUMAQUE;PROTECAO INTEGRAL;2002;3865172;AMAZONIA;20.4495;28.1;;9.2;;6.7;;;;;23.5;;;7.4;28.8;37.3;35.3;6.4;18.0;;;57.2
105;0000.00.1626;PARQUE NACIONAL NASCENTES DO LAGO JARI;PROTECAO INTEGRAL;2008;812753;AMAZONIA;13.1562;;;;;;;;;11.1;;8.9;;15.3;;;7.9;;20.9;;30.6;2169.4
106;0000.00.0189;PARQUE NACIONAL SERRA DA MOCIDADE;PROTECAO INTEGRAL;1998;359944;AMAZONIA;;;;;;;;;;;;;;;;;;7.9;;1.4;;
107;0000.00.0218;RESERVA DE DESENVOLVIMENTO SUSTENTAVEL DE ITATUPA-BAQUIA;USO SUSTENTAVEL;2005;64442;AMAZONIA;;;;;;;;;;;;;;;;;16.8;;;10.1;;
108;0000.00.3135;RESERVA DE DESENVOLVIMENTO SUSTENTAVEL NASCENTES GERAIZEIRAS;USO SUSTENTAVEL;2014;38177;CERRADO;;;;;;14.2;6.3;41.1;23.1;23.1;26.4;26.4;33.9;33.9;11.6;11.6;136.2;136.2;84.9;84.9;147.6;
109;0000.00.0192;RESERVA BIOLOGICA DA CONTAGEM;PROTECAO INTEGRAL;2002;3426;CERRADO;;;56.4;7.7;;;31.0;2.3;;;;;;;0.8;0.8;;;1.6;1.6;435.0;
110;0000.00.0194;RESERVA BIOLOGICA DO ABUFARI;PROTECAO INTEGRAL;1982;223867;AMAZONIA;6.3898;;;;10.2;;13.4;18.8;;8.8;69.5;;13.9;22.0;;7.1;;;6.5;0.5;18.4;187.0
111;0000.00.0206;RESERVA BIOLOGICA DO GUAPORE;PROTECAO INTEGRAL;1982;615776;AMAZONIA;;0.6;2.9;;;;;10.9;;;;92.4;197.1;;;0.3;;6.5;;137.5;118.5;1195.1
112;0000.00.0207;RESERVA BIOLOGICA DO GURUPI;PROTECAO INTEGRAL;1988;290254;AMAZONIA;338.7574;315.8;376.1;646.6;459.7;577.7;50.0;669.9;839.7;696.6;1170.5;2771.4;3649.2;1054.8;1274.9;5092.7;7455.1;5.9;2310.1;5386.9;7837.5;14632.4
113;0000.00.0208;RESERVA BIOLOGICA DO JARU;PROTECAO INTEGRAL;1979;346864;AMAZONIA;;;;;;13.2;;;11.7;28.1;17.5;81.7;167.9;13.3;628.0;1364.0;4.9;2288.1;0.3;666.6;842.1;69.8
114;0000.00.0209;RESERVA BIOLOGICA DO LAGO PIRATUBA;PROTECAO INTEGRAL;1980;392475;AMAZONIA;;;;;;;;;;;;;;16.9;;;;671.5;;;;
115;0000.00.3411;RESERVA BIOLOGICA DO MANICORE;PROTECAO INTEGRAL;2016;359063;AMAZONIA;6.4048;;;;;27.1;;;;;;;;;;;;;;;;
116;0000.00.0210;RESERVA BIOLOGICA DO RIO TROMBETAS;PROTECAO INTEGRAL;1979;407759;AMAZONIA;7.8731;;;;13.1;;;;;20.6;93.9;;8.5;17.6;;19.0;29.8;41.4;37.9;41.1;42.6;1515.0
117;0000.00.0211;RESERVA BIOLOGICA DO TAPIRAPE;PROTECAO INTEGRAL;1989;99273;AMAZONIA;;;;;;;;4.5;;;;;;;1.3;;;38.2;;6.8;42.2;587.8
118;0000.00.0213;RESERVA BIOLOGICA DO UATUMA;PROTECAO INTEGRAL;1990;938732;AMAZONIA;;12.4;;;;;;;;;26.0;;6.5;22.2;;;;0.7;;;;160.8
119;0000.00.0216;RESERVA BIOLOGICA NASCENTES DA SERRA DO CACHIMBO;PROTECAO INTEGRAL;2005;342196;AMAZONIA;2588.4451;1424.8;395.3;438.4;1009.2;1976.1;422.1;31.1;32.3;295.1;573.6;341.6;1446.3;636.7;1863.6;3444.4;1483.0;2563.3;5184.4;1967.6;3714.2;1057.4
120;0000.00.0274;RESERVA EXTRATIVISTA ALTO TARAUACA;USO SUSTENTAVEL;2000;150924;AMAZONIA;;190.4;;14.8;16.3;6.6;176.6;3.5;157.5;194.2;316.0;35.9;249.1;85.1;30.1;97.1;52.6;166.2;243.7;358.5;310.9;924.4
121;0000.00.0285;RESERVA EXTRATIVISTA ARAPIXI;USO SUSTENTAVEL;2006;133712;AMAZONIA;96.2258;214.8;316.9;131.0;44.7;8.3;28.9;16.8;10.4;27.9;33.1;58.3;8.1;38.7;8.3;66.6;53.6;426.2;80.5;7.9;124.2;1596.4
122;0000.00.0273;RESERVA EXTRATIVISTA ARIOCA PRUANA;USO SUSTENTAVEL;2005;83817;AMAZONIA;11.3746;43.0;48.7;87.2;85.1;13.2;33.9;55.5;51.6;99.5;1122.6;111.1;138.8;107.8;12.8;31.2;40.3;201.1;85.7;6593.5;595.3;
123;0000.00.0220;RESERVA EXTRATIVISTA AUATI-PARANA;USO SUSTENTAVEL;2001;146949;AMAZONIA;;7.6;8.4;;;7.7;;6.4;;13.2;69.9;7.3;40.5;;;;;35.4;34.6;46.8;862.5;532.0
124;0000.00.3693;RESERVA EXTRATIVISTA BAIXO RIO BRANCO-JAUAPERI;USO SUSTENTAVEL;2018;580630;AMAZONIA;;;7.2;;;;;;;;;;;;;;;;;;;
125;0000.00.0221;RESERVA EXTRATIVISTA BARREIRO DAS ANTAS;USO SUSTENTAVEL;2001;106199;AMAZONIA;;;;;;;;;;;;;7.3;;;;;2.7;;;;47.8
126;0000.00.1564;RESERVA EXTRATIVISTA CHAPADA LIMPA;USO SUSTENTAVEL;2007;11973;CERRADO;38.0691;33.9;65.1;48.6;43.7;60.5;20.5;4.0;104.5;104.5;95.7;95.7;201.9;201.9;59.0;59.0;105.9;105.9;68.0;68.0;163.9;
127;0000.00.0222;RESERVA EXTRATIVISTA CHICO MENDES;USO SUSTENTAVEL;1990;931543;AMAZONIA;5943.2004;7608.6;2461.5;1998.8;2947.2;1537.9;2170.6;1047.2;1226.3;1187.0;630.2;363.3;1128.3;193.6;520.0;3934.8;4075.5;3724.7;895.9;2673.7;5531.3;17764.8
128;0000.00.0223;RESERVA EXTRATIVISTA CHOCOARE-MATO GROSSO;USO SUSTENTAVEL;2002;2783;AMAZONIA;;;;;;;;;;;;;;;;;16.3;1.5;5.1;;1.6;57.9
129;0000.00.0226;RESERVA EXTRATIVISTA DA MATA GRANDE;USO SUSTENTAVEL;1992;11432;CERRADO;2.8679;17.9;6.5;10.5;8.5;41.9;30.6;6.8;88.0;78.2;79.9;178.1;193.7;121.4;110.8;309.0;240.5;;;;;8345.7
130;0000.00.0279;RESERVA EXTRATIVISTA DE CURURUPU;USO SUSTENTAVEL;2004;186057;AMAZONIA;;;;;;;1.7;;;;;0.1;27.2;6.4;;;11.9;466.1;720.6;20564.3;;
131;0000.00.0288;RESERVA EXTRATIVISTA DE GURUPA-MELGACO;USO SUSTENTAVEL;2006;145574;AMAZONIA;25.8335;;26.6;;;;;;;;;;;;;;;;;;;
132;0000.00.0286;RESERVA EXTRATIVISTA DE RECANTO DAS ARARAS DE TERRA RONCA;USO SUSTENTAVEL;2006;12349;CERRADO;;28.7;;;;8.2;38.2;7.6;;;8.9;8.9;;;;;148.2;148.2;;;134.1;
133;0000.00.0228;RESERVA EXTRATIVISTA DE SAO JOAO DA PONTA;USO SUSTENTAVEL;2002;3409;AMAZONIA;;;;;0.5;;1.4;;;;;;3.9;;4.6;4.0;0.5;34.2;7.3;0.4;0.8;82.5
134;0000.00.1517;RESERVA EXTRATIVISTA DO ALTO JURUA;USO SUSTENTAVEL;1990;537949;AMAZONIA;1836.0356;850.3;257.9;179.1;169.0;18.3;575.1;150.9;305.7;791.7;1761.3;;798.4;174.1;156.4;522.8;569.9;107.0;1054.4;178.3;2240.5;4483.9
135;0000.00.0274;RESERVA EXTRATIVISTA DO ALTO TARAUACA;USO SUSTENTAVEL;2000;154133;AMAZONIA;298.7322;;132.5;;;;;;;;;;;;;;;;;;;
136;0000.00.0230;RESERVA EXTRATIVISTA DO BAIXO JURUA;USO SUSTENTAVEL;2001;178039;AMAZONIA;49.6558;3.3;39.5;16.7;11.3;8.8;81.6;9.5;;14.3;40.9;33.4;41.2;12.5;14.3;36.0;3.2;22.6;337.3;135.6;588.0;1377.1
137;0000.00.0232;RESERVA EXTRATIVISTA DO CAZUMBA-IRACEMA;USO SUSTENTAVEL;2002;750922;AMAZONIA;587.2492;273.4;407.2;175.0;244.3;51.9;170.2;177.1;187.2;275.7;230.1;72.7;96.0;27.1;3.2;637.0;81.4;1744.2;380.8;209.1;1134.8;2588.2
138;0000.00.1519;RESERVA EXTRATIVISTA DO CIRIACO;USO SUSTENTAVEL;1992;8107;AMAZONIA;10.3419;9.7;;;;3.6;22.5;;;15.4;;54.4;112.2;158.8;340.1;10.1;16.4;;;;79.8;4615.7
139;0000.00.0240;RESERVA EXTRATIVISTA DO EXTREMO NORTE DO TOCANTINS;USO SUSTENTAVEL;1992;9071;CERRADO;0.6413;;2.9;;;;;;;;;;0.3;;6.3;;;;56.1;26.6;49.4;8252.1
140;0000.00.0242;RESERVA EXTRATIVISTA DO LAGO DO CAPANA GRANDE;USO SUSTENTAVEL;2004;304313;AMAZONIA;;;;;6.4;;;;41.6;;261.5;7.1;6.6;;20.6;45.2;2.9;26.3;;42.5;455.4;2977.1
141;0000.00.0233;RESERVA EXTRATIVISTA DO LAGO DO CUNIA;USO SUSTENTAVEL;1999;50604;AMAZONIA;;;;;;;;;;;;;;;;58.5;35.2;7.9;;19.1;;86.8
142;0000.00.0235;RESERVA EXTRATIVISTA DO MEDIO JURUA;USO SUSTENTAVEL;1997;286933;AMAZONIA;60.0564;27.0;22.1;16.7;35.1;7.4;22.5;14.3;;7.6;39.9;21.3;28.1;45.7;;78.9;19.4;36.2;131.9;149.0;768.8;1059.9
143;0000.00.1606;RESERVA EXTRATIVISTA DO MEDIO PURUS;USO SUSTENTAVEL;2008;604236;AMAZONIA;138.3986;128.7;90.0;;191.9;6.8;24.9;89.0;7.6;46.6;147.0;59.5;60.5;103.2;10.9;95.9;73.5;553.2;83.7;144.5;534.6;2178.5
144;0000.00.1520;RESERVA EXTRATIVISTA DO QUILOMBO FLEXAL;USO SUSTENTAVEL;1992;9338;AMAZONIA;;;;;;;;;;;;;;;;;;;;9338.4;;
145;0000.00.1518;RESERVA EXTRATIVISTA DO RIO CAJARI;USO SUSTENTAVEL;1990;532405;AMAZONIA;97.8026;159.9;254.9;155.7;189.9;122.8;278.2;107.7;136.1;65.3;226.9;539.6;755.8;315.7;116.5;232.0;125.7;1070.5;;;;7407.1
146;0000.00.0238;RESERVA EXTRATIVISTA DO RIO DO CAUTARIO;USO SUSTENTAVEL;2001;75125;AMAZONIA;;;;;;;;443.4;;2.7;0.1;;;;50.2;13.3;5.8;;0.1;23.3;107.0;332.7
147;0000.00.0239;RESERVA EXTRATIVISTA DO RIO JUTAI;USO SUSTENTAVEL;2002;275516;AMAZONIA;66.9758;6.8;;33.4;;6.6;23.6;21.3;20.3;65.8;41.1;62.9;106.3;41.9;51.0;6.1;15.5;180.0;179.5;16.2;350.3;699.2
148;0000.00.0256;RESERVA EXTRATIVISTA DO RIO OURO PRETO;USO SUSTENTAVEL;1990;204633;AMAZONIA;143.3178;307.2;161.1;75.9;169.0;255.0;245.2;428.7;126.7;137.0;96.0;296.4;586.4;266.2;401.7;1179.6;1785.0;1069.8;147.3;1104.8;3508.0;7296.2
149;0000.00.0288;RESERVA EXTRATIVISTA GURUPA-MELGACO;USO SUSTENTAVEL;2006;145574;AMAZONIA;;44.3;;21.1;;;6.5;;46.1;6.7;7.8;;51.4;10.0;20.0;28.1;46.8;64.5;710.4;1236.9;;
150;0000.00.0241;RESERVA EXTRATIVISTA IPAU-ANILZINHO;USO SUSTENTAVEL;2005;55835;AMAZONIA;57.8251;27.8;23.3;44.9;72.9;35.0;8.6;58.4;74.9;66.6;303.7;201.0;166.2;170.4;218.8;81.0;325.9;543.5;373.8;1085.1;7347.8;7169.6
151;0000.00.1628;RESERVA EXTRATIVISTA ITUXI;USO SUSTENTAVEL;2008;776330;AMAZONIA;25.985;;30.9;17.5;28.5;33.9;13.1;61.9;317.7;121.4;29.1;6.2;19.4;99.8;24.8;6.5;32.7;73.1;7.6;103.3;90.2;372.8
152;0000.00.0287;RESERVA EXTRATIVISTA LAGO DO CEDRO;USO SUSTENTAVEL;2006;17404;CERRADO;621.9704;47.7;141.6;0.2;;1.8;;1.6;;;26.2;26.2;34.2;34.2;15.1;15.1;112.5;112.5;126.4;126.4;1204.8;
153;0000.00.0243;RESERVA EXTRATIVISTA MAE GRANDE DE CURUCA;USO SUSTENTAVEL;2002;36679;AMAZONIA;7.9185;8.0;0.7;;;;;6.5;;;3.4;4.2;3.6;0.6;31.2;;213.6;35.4;127.9;11.7;39.8;206.4
154;0000.00.0244;RESERVA EXTRATIVISTA MAPUA;USO SUSTENTAVEL;2005;93748;AMAZONIA;6.9514;17.0;;;20.8;0.6;;32.9;;;98.9;70.1;0.1;;;3.0;83.5;18.7;1060.7;1534.1;;
155;0000.00.0227;RESERVA EXTRATIVISTA MARACANA;USO SUSTENTAVEL;2002;30180;AMAZONIA;;6.6;6.9;;0.1;5.0;;13.1;5.4;0.6;11.4;;7.3;10.8;0.9;16.8;19.8;14.7;135.4;;5.2;236.4
156;0000.00.0247;RESERVA EXTRATIVISTA MARINHA ARAI-PEROBA;USO SUSTENTAVEL;2005;50555;AMAZONIA;;;;;;0.9;;;;;;;12.6;;;;4.4;74.3;;64.5;;334.4
157;0000.00.0248;RESERVA EXTRATIVISTA MARINHA CAETE-TAPERACU;USO SUSTENTAVEL;2005;42490;AMAZONIA;;;;14.5;;;;;;;;;15.9;;36.0;;190.5;886.8;;149.8;;1346.0
158;0000.00.3134;RESERVA EXTRATIVISTA MARINHA CUINARANA;USO SUSTENTAVEL;2014;11037;MARINHO-COSTEIRO;32.7891;0.1;;;;2.1;;;;;;;;;;;;;;;;
159;0000.00.0249;RESERVA EXTRATIVISTA MARINHA DE GURUPI-PIRIA;USO SUSTENTAVEL;2005;72790;AMAZONIA;;;8.6;;1.2;;;;0.0;;;14.2;33.5;103.3;35.0;17.9;26.1;409.3;;480.2;;5983.9
160;0000.00.0254;RESERVA EXTRATIVISTA MARINHA DE SOURE;USO SUSTENTAVEL;2001;29579;AMAZONIA;;;9.1;9.7;;;;;;;46.4;17.0;;12.6;29.0;;53.7;49.8;24.5;296.9;9.0;204.4
161;0000.00.0225;RESERVA EXTRATIVISTA MARINHA DO DELTA DO PARNAIBA;USO SUSTENTAVEL;2000;27022;CERRADO;;;;;;;;;;;;;5.1;5.1;12.6;12.6;;;12.4;12.4;55.3;
162;0000.00.3133;RESERVA EXTRATIVISTA MARINHA MESTRE LUCINDO;USO SUSTENTAVEL;2014;26465;MARINHO-COSTEIRO;;;12.0;;;38.3;9.8;;;;;;;;;;;;;;;
163;0000.00.0250;RESERVA EXTRATIVISTA MARINHA TRACUATEUA;USO SUSTENTAVEL;2005;27865;AMAZONIA;;;;;;;;;;;;;22.5;;;33.2;8.6;206.8;;87.5;;501.3
164;0000.00.1810;RESERVA EXTRATIVISTA RENASCER;USO SUSTENTAVEL;2009;209667;AMAZONIA;379.1322;138.2;94.1;413.3;191.4;475.6;126.4;229.9;69.5;201.8;455.2;282.7;883.7;446.8;1034.8;278.7;220.3;2955.7;7.1;5262.8;;1696.0
165;0000.00.0280;RESERVA EXTRATIVISTA RIO IRIRI;USO SUSTENTAVEL;2006;398998;AMAZONIA;6.8377;;;;;;;11.0;11.2;;;78.5;811.2;67.7;344.5;311.7;558.1;114.5;134.5;168.6;37.0;4529.4
166;0000.00.0283;RESERVA EXTRATIVISTA RIO UNINI;USO SUSTENTAVEL;2006;849693;AMAZONIA;3.1361;;8.2;;;;40.9;7.8;;53.9;24.5;;16.4;0.6;;;5.0;31.7;7.2;191.3;638.6;248.0
167;0000.00.1635;RESERVA EXTRATIVISTA RIO XINGU;USO SUSTENTAVEL;2008;303005;AMAZONIA;;1.3;;;13.0;;7.2;9.9;25.9;;19.7;;89.1;534.0;609.7;195.4;1302.1;32.0;;233.1;41.8;473.4
168;0000.00.0257;RESERVA EXTRATIVISTA RIOZINHO DA LIBERDADE;USO SUSTENTAVEL;2005;324906;AMAZONIA;314.407;96.6;94.9;24.6;115.7;7.1;39.2;63.1;107.1;74.6;339.0;29.2;151.4;60.9;30.6;126.4;167.1;36.5;123.3;201.8;1765.5;1496.2
169;0000.00.0258;RESERVA EXTRATIVISTA RIOZINHO DO ANFRISIO;USO SUSTENTAVEL;2004;736144;AMAZONIA;248.0217;481.4;314.3;168.9;117.7;199.4;226.9;;111.8;104.2;106.9;352.9;138.9;145.4;32.2;56.0;816.5;111.5;31.8;205.9;26.6;986.5
170;0000.00.0259;RESERVA EXTRATIVISTA TAPAJOS-ARAPIUNS;USO SUSTENTAVEL;1998;677521;AMAZONIA;48.0255;107.7;65.6;47.1;30.7;50.7;370.7;67.1;14.1;228.4;389.0;323.3;249.3;144.7;89.7;887.0;36.3;227.6;3257.0;1165.9;8978.9;35318.8
171;0000.00.0282;RESERVA EXTRATIVISTA TERRA GRANDE-PRACUUBA;USO SUSTENTAVEL;2006;194870;AMAZONIA;73.2006;87.6;;;41.3;;2.3;60.7;;14.1;224.3;114.1;;81.5;34.5;55.0;29.2;19.8;1371.5;3581.1;;
172;0000.00.0260;RESERVA EXTRATIVISTA VERDE PARA SEMPRE;USO SUSTENTAVEL;2004;1289380;AMAZONIA;861.8279;738.8;633.1;348.9;262.7;489.3;743.5;242.6;242.6;817.3;1300.6;1727.5;1159.4;1821.0;409.2;5748.6;3004.5;17932.4;;;;469.9
173;0000.00.0219;REFUGIO DA VIDA SILVESTRE DAS VEREDAS DO OESTE BAIANO;PROTECAO INTEGRAL;2002;128051;CERRADO;;;;17.6;124.4;3.4;0.8;0.0;35.9;35.9;1.2;1.2;568.5;568.5;153.1;153.1;488.9;488.9;31.7;31.7;1778.5;
